point_id,governorate,latitude,longitude,refugee_pop,host_pop,total_pop,vulnerability
0,Amman,31.455858,36.389334,624,474,1098,0.6378
1,Amman,31.938336,36.00019,2398,5087,7485,0.3174
2,Amman,32.638711,35.951951,175,2394,2569,0.5397
3,Amman,32.157115,36.064523,42,2386,2428,0.5603
4,Amman,31.732567,36.06147,1481,36481,37962,0.8588
5,Amman,32.330618,36.42042,9,8068,8077,0.428
6,Amman,31.676811,35.870348,3636,2110,5746,0.53
7,Amman,32.260274,35.369011,218,9357,9575,0.7953
8,Amman,31.909658,35.773998,456,14829,15285,0.3378
9,Amman,31.49054,36.174015,788,397,1185,0.5332
10,Amman,31.592711,35.496175,1539,206,1745,0.4596
11,Amman,32.421226,35.827531,430,3991,4421,0.2494
12,Amman,31.885092,35.823328,866,756,1622,0.05
13,Amman,31.938697,35.836701,250,7680,7930,0.6453
14,Amman,32.471608,36.271101,1435,354,1789,0.4716
15,Amman,31.644073,36.734075,1516,288,1804,0.5307
16,Amman,31.9578,35.90288,50,10604,10654,0.5557
17,Amman,31.913479,35.727028,8774,358,9132,0.4216
18,Amman,31.944729,35.736704,2004,3038,5042,0.3917
19,Amman,31.9837,35.829007,123,16235,16358,0.7907
20,Amman,31.211628,36.259882,20,59562,59582,0.7443
21,Amman,31.373351,35.80094,362,13972,14334,0.4531
22,Amman,31.559797,35.661699,472,3728,4200,0.3201
23,Amman,32.444536,36.210017,1216,528,1744,0.7489
24,Amman,32.155968,35.549303,9222,20,9242,0.4256
25,Amman,32.090925,35.519519,6790,199,6989,0.6483
26,Amman,31.886609,35.790657,1464,571,2035,0.648
27,Amman,32.078294,35.795091,78,12344,12422,0.7287
28,Amman,31.651202,36.107699,29,41078,41107,0.6268
29,Amman,31.867227,36.014963,662,2033,2695,0.2948
30,Amman,32.212628,35.851431,3575,1432,5007,0.4259
31,Amman,32.247623,35.68521,407,22,429,0.2665
32,Amman,31.518044,36.104523,151,136,287,0.2895
33,Amman,32.445242,35.244383,61,5528,5589,0.8254
34,Amman,32.012985,35.879652,2810,294,3104,0.4219
35,Amman,32.065658,35.898557,1,44789,44790,0.7186
36,Amman,31.985884,35.958697,2180,7997,10177,0.4545
37,Amman,31.937955,36.009097,2799,4198,6997,0.2122
38,Amman,31.576408,36.148445,4214,6794,11008,0.5508
39,Amman,31.902385,35.916499,471,147,618,0.5826
40,Amman,31.802767,35.661542,2376,36414,38790,0.5553
41,Amman,31.679956,36.041241,4792,4216,9008,0.2135
42,Amman,32.242064,36.061831,120,1949,2069,0.5661
43,Amman,32.229053,36.443552,2683,4349,7032,0.7026
44,Amman,31.438455,35.501135,2795,6778,9573,0.4075
45,Amman,31.961205,36.076251,1113,48088,49201,0.3894
46,Amman,32.006195,35.668877,13,10288,10301,0.4099
47,Amman,31.560035,35.615165,17,2280,2297,0.2767
48,Amman,31.680655,36.247765,478,9788,10266,0.3491
49,Amman,32.690967,36.068462,5407,26929,32336,0.5533
50,Amman,31.71356,36.134699,723,36207,36930,0.4164
51,Amman,31.988063,36.729827,425,7548,7973,0.5027
52,Amman,32.275697,35.685584,6289,31368,37657,0.5137
53,Amman,32.449724,35.709971,1664,146,1810,0.8462
54,Amman,32.152071,35.730611,3202,3067,6269,0.6338
55,Amman,32.226215,36.109579,4940,7040,11980,0.2374
56,Amman,31.750302,35.831394,3254,45152,48406,0.5066
57,Amman,32.127688,35.967464,302,18216,18518,0.2796
58,Amman,32.060355,36.105987,3408,3590,6998,0.6208
59,Amman,32.256519,36.177455,2,200,202,0.6027
60,Amman,31.934254,35.379093,744,16243,16987,0.5973
61,Amman,32.012053,35.997505,120,13518,13638,0.2902
62,Amman,31.651204,36.247609,6986,19221,26207,0.5129
63,Amman,32.14472,35.919662,1097,4134,5231,0.5254
64,Amman,32.216619,35.745466,595,37710,38305,0.5373
65,Amman,31.824463,35.771561,1013,1479,2492,0.4643
66,Amman,32.016097,35.7574,1527,7678,9205,0.746
67,Amman,31.70341,35.850801,36,544,580,0.4408
68,Amman,32.359054,35.973498,5431,5379,10810,0.7057
69,Amman,31.537943,35.996056,158,5376,5534,0.6801
70,Amman,31.97694,36.251554,1917,6040,7957,0.4269
71,Amman,32.348517,36.646247,320,22044,22364,0.4547
72,Amman,31.829159,36.375683,606,12792,13398,0.8043
73,Amman,31.807499,35.77614,1665,10518,12183,0.4693
74,Amman,31.577454,35.616631,80,2745,2825,0.3393
75,Amman,31.738917,35.899501,492,3275,3767,0.5622
76,Amman,32.38804,35.591127,25,25805,25830,0.6972
77,Amman,31.893983,35.894772,1955,5255,7210,0.6415
78,Amman,31.639538,36.032971,1070,3334,4404,0.55
79,Amman,32.091786,36.003134,1737,20467,22204,0.962
80,Amman,31.775333,35.740681,2054,787,2841,0.4078
81,Amman,31.798366,35.706636,6064,4843,10907,0.734
82,Amman,32.351641,35.727961,360,4273,4633,0.3702
83,Amman,32.085896,35.733889,3396,4853,8249,0.6339
84,Amman,32.010718,35.425562,1142,8114,9256,0.7986
85,Amman,32.456746,35.714508,84,305,389,0.4502
86,Amman,32.033942,36.017626,5174,646,5820,0.6385
87,Amman,32.516757,35.853977,535,725,1260,0.3763
88,Amman,31.567691,35.676702,2343,1066,3409,0.514
89,Amman,32.456376,35.744964,4788,24682,29470,0.5603
90,Amman,31.949302,36.290886,1717,9189,10906,0.9748
91,Amman,31.805257,35.753979,184,959,1143,0.7079
92,Amman,32.14483,36.501546,95,1026,1121,0.6251
93,Amman,31.853298,36.09961,1,593,594,0.7196
94,Amman,32.183635,36.072928,1225,1277,2502,0.712
95,Amman,32.281303,36.352891,1780,5053,6833,0.6368
96,Amman,31.907107,35.957548,2224,119,2343,0.7372
97,Amman,31.725158,36.028575,503,7954,8457,0.4492
98,Amman,31.961949,36.319705,1765,21687,23452,0.5544
99,Amman,31.966902,35.475446,1817,224,2041,0.6543
100,Amman,32.134636,36.602842,84,15778,15862,0.4646
101,Amman,32.015262,35.990403,375,1088,1463,0.8039
102,Amman,31.927217,35.999887,4925,2990,7915,0.6294
103,Amman,32.006151,35.767741,3083,7681,10764,0.5549
104,Amman,32.254517,35.582115,1357,4329,5686,0.5439
105,Amman,31.757866,36.293015,242,108,350,0.2458
106,Amman,31.797402,36.031308,1739,10891,12630,0.8018
107,Amman,31.93549,35.732936,6844,5210,12054,0.8586
108,Amman,31.548456,35.206982,5668,501,6169,0.5992
109,Amman,31.813325,35.583805,6,5629,5635,0.6475
110,Amman,32.022164,35.730095,777,1868,2645,0.2895
111,Amman,32.198188,36.118664,8568,45,8613,0.5021
112,Amman,32.470958,35.568173,435,1322,1757,0.2454
113,Amman,31.760166,35.896012,3972,587,4559,0.5638
114,Amman,31.886354,36.023258,197,7026,7223,0.2947
115,Amman,32.358154,35.884312,6609,14681,21290,0.7211
116,Amman,32.049863,36.056761,1323,371,1694,0.6226
117,Amman,32.079258,36.116271,1557,6857,8414,0.7592
118,Amman,32.008926,36.137481,150,3839,3989,0.5038
119,Amman,32.357133,35.694154,4540,2013,6553,0.8442
120,Amman,31.942656,35.452752,2101,8491,10592,0.5431
121,Amman,31.763206,36.179606,585,2811,3396,0.4025
122,Amman,31.828969,35.305947,3281,7342,10623,0.4386
123,Amman,31.275214,35.403751,4301,465,4766,0.6569
124,Amman,32.173924,36.046746,1067,1641,2708,0.3459
125,Amman,31.940541,35.909447,3129,1106,4235,0.3115
126,Amman,32.374852,36.191356,2140,996,3136,0.4802
127,Amman,31.961428,35.977282,4868,331,5199,0.1525
128,Amman,31.88469,35.692365,898,3527,4425,0.3397
129,Amman,31.875192,36.48586,418,533,951,0.6354
130,Amman,31.79397,36.093826,17,44888,44905,0.7719
131,Amman,32.212797,35.929682,3478,16543,20021,0.4036
132,Amman,32.149403,36.036515,131,975,1106,0.6811
133,Amman,32.131748,36.246457,2784,30585,33369,0.4237
134,Amman,32.32277,35.973832,1602,6489,8091,0.8935
135,Amman,31.760927,36.466108,36,13546,13582,0.5556
136,Amman,31.771503,35.755757,1189,2434,3623,0.4623
137,Amman,32.072666,36.077907,2345,5132,7477,0.4167
138,Amman,31.947081,36.596127,1087,553,1640,0.831
139,Amman,32.076071,35.922761,3088,2063,5151,0.5416
140,Amman,32.125685,35.583306,13,843,856,0.4737
141,Amman,31.486696,36.038351,3696,236,3932,0.6365
142,Amman,31.818608,36.414276,719,2419,3138,0.2994
143,Amman,31.543875,35.982425,176,1725,1901,0.7085
144,Amman,32.4254,35.763757,1227,13053,14280,0.7142
145,Amman,31.943118,35.855359,1835,4482,6317,0.6791
146,Amman,32.13655,35.406155,7799,2724,10523,0.7858
147,Amman,32.340326,35.71042,1250,17579,18829,0.5912
148,Amman,32.092228,35.994016,750,619,1369,0.4209
149,Amman,31.765845,35.902423,576,253,829,0.7311
150,Amman,32.106108,35.792003,5,6556,6561,0.6589
151,Amman,31.156308,36.278205,30,732,762,0.2069
152,Amman,31.852417,35.552306,4056,1235,5291,0.287
153,Amman,32.278932,35.760936,928,922,1850,0.5824
154,Amman,31.940762,36.063253,991,9110,10101,0.5338
155,Amman,31.594662,36.229405,204,2845,3049,0.4311
156,Amman,31.518057,35.773603,689,3278,3967,0.7901
157,Amman,32.191962,35.799031,1675,3954,5629,0.4571
158,Amman,31.863842,36.575159,624,4332,4956,0.5887
159,Amman,32.074312,36.240291,1035,12420,13455,0.563
160,Amman,31.881368,35.847768,1825,1512,3337,0.5071
161,Amman,31.943478,36.143441,56,3164,3220,0.5294
162,Amman,32.159039,35.884771,13,26178,26191,0.5342
163,Amman,31.394404,36.203825,6831,567,7398,0.5824
164,Amman,32.233343,34.983798,660,7949,8609,0.8959
165,Amman,31.914815,36.265219,873,728,1601,0.3328
166,Amman,32.125477,35.573507,6901,7732,14633,0.4077
167,Amman,32.489829,35.849582,8335,24267,32602,0.5591
168,Amman,32.197519,36.069218,85,822,907,0.5471
169,Amman,32.056089,36.679693,57,1665,1722,0.5096
170,Amman,32.010208,36.246809,3355,95,3450,0.719
171,Amman,32.286268,36.114994,118,13169,13287,0.3143
172,Amman,32.411261,35.543769,1638,2644,4282,0.5745
173,Amman,31.742703,35.890076,2427,524,2951,0.5792
174,Amman,32.04388,36.045615,409,642,1051,0.8105
175,Amman,32.08089,35.83247,2578,15190,17768,0.6935
176,Amman,32.286952,35.517765,617,1484,2101,0.6275
177,Amman,32.150228,35.81538,539,11170,11709,0.7676
178,Amman,31.911884,35.950784,4116,10128,14244,0.4888
179,Amman,31.958262,35.559792,2580,1697,4277,0.2608
180,Mafraq,32.14716,35.59121,460,585,1045,0.7597
181,Mafraq,31.635324,36.384742,446,70,516,0.7193
182,Mafraq,32.156285,35.329913,216,437,653,0.8119
183,Mafraq,32.12962,35.563546,1008,313,1321,0.3379
184,Mafraq,32.331694,37.181738,1068,1840,2908,0.9726
185,Mafraq,32.159861,35.875783,430,1437,1867,0.8056
186,Mafraq,31.943346,36.372986,741,383,1124,0.8473
187,Mafraq,32.833473,36.151915,8,4,12,0.7115
188,Mafraq,31.991507,35.752216,431,1386,1817,0.7083
189,Mafraq,32.489646,36.709472,926,603,1529,0.6276
190,Mafraq,32.939775,36.057882,1024,2,1026,0.737
191,Mafraq,32.043815,34.873668,2249,5222,7471,0.8638
192,Mafraq,32.637438,36.05227,1182,4238,5420,0.7494
193,Mafraq,32.549076,35.3476,224,55,279,0.6659
194,Mafraq,32.660406,35.517141,30,445,475,0.7811
195,Mafraq,31.800067,36.463536,655,46,701,0.735
196,Mafraq,31.696647,36.847607,280,86,366,0.6372
197,Mafraq,32.018599,36.317313,2155,1267,3422,0.9008
198,Mafraq,31.936371,36.240924,318,324,642,0.8
199,Mafraq,32.619942,36.304043,1524,454,1978,0.6886
200,Mafraq,32.011664,36.254379,494,2549,3043,0.5899
201,Mafraq,31.17416,36.447108,146,1544,1690,0.8666
202,Mafraq,31.397527,35.651648,147,1052,1199,0.8267
203,Mafraq,33.165698,36.218437,1483,183,1666,0.6381
204,Mafraq,32.269541,36.963182,884,12,896,0.6496
205,Mafraq,32.023023,35.941491,5736,457,6193,0.6065
206,Mafraq,32.391768,37.100573,2182,946,3128,0.7852
207,Mafraq,32.241759,36.046504,19,871,890,0.5212
208,Mafraq,32.695944,36.16419,5089,26,5115,0.7147
209,Mafraq,33.619943,36.371314,2312,86,2398,0.6347
210,Mafraq,32.172157,36.838645,204,554,758,0.7559
211,Mafraq,31.767389,36.712576,1036,13,1049,0.6465
212,Mafraq,33.092019,36.801026,2540,1169,3709,0.6774
213,Mafraq,32.855107,36.244321,384,4103,4487,0.8594
214,Mafraq,32.536593,35.741504,1961,294,2255,0.6499
215,Mafraq,32.754684,36.022874,2347,290,2637,0.6835
216,Mafraq,31.960651,36.439979,1272,953,2225,0.99
217,Mafraq,31.915687,36.220321,1085,106,1191,0.9377
218,Mafraq,32.310843,36.455804,948,950,1898,0.5913
219,Mafraq,32.514023,36.104071,1649,36,1685,0.878
220,Mafraq,32.817654,37.63126,8,226,234,0.8211
221,Mafraq,32.473019,36.313911,1021,834,1855,0.6906
222,Mafraq,32.478094,36.044529,209,135,344,0.7636
223,Mafraq,32.869739,35.653402,976,806,1782,0.8996
224,Mafraq,32.869546,36.142062,1408,895,2303,0.4429
225,Mafraq,32.099571,36.920347,524,13,537,0.7368
226,Mafraq,31.942979,35.929374,1394,1622,3016,0.8577
227,Mafraq,32.561393,36.075587,89,5591,5680,0.6886
228,Mafraq,32.185997,35.699674,1572,716,2288,0.9662
229,Mafraq,32.213772,36.876437,50,1716,1766,0.953
230,Mafraq,32.742024,35.969609,159,68,227,0.7965
231,Mafraq,32.333022,35.709964,202,3216,3418,0.7854
232,Mafraq,31.871084,36.860224,37,319,356,0.675
233,Mafraq,32.423164,36.362808,35,420,455,0.7038
234,Mafraq,32.577378,35.945803,211,63,274,0.862
235,Mafraq,31.804308,36.276509,3109,2476,5585,0.99
236,Mafraq,31.942567,35.83424,780,216,996,0.8119
237,Mafraq,32.414533,36.399847,351,2162,2513,0.8085
238,Mafraq,32.596589,36.817335,854,3014,3868,0.7974
239,Mafraq,32.246197,36.576916,868,1357,2225,0.99
240,Mafraq,32.289647,35.671009,140,1967,2107,0.895
241,Mafraq,32.294548,35.012032,170,1479,1649,0.8586
242,Mafraq,32.128569,36.157207,59,109,168,0.7865
243,Mafraq,32.4189,36.597198,1778,6135,7913,0.679
244,Mafraq,32.547942,36.064249,1260,14,1274,0.8434
245,Mafraq,32.588847,35.692509,4166,71,4237,0.892
246,Mafraq,32.128315,36.651432,466,1761,2227,0.7914
247,Mafraq,33.077973,36.084094,9985,541,10526,0.6911
248,Mafraq,32.334932,36.040251,800,1245,2045,0.852
249,Mafraq,31.696176,35.627475,746,737,1483,0.5905
250,Mafraq,32.722823,37.147837,53,228,281,0.7254
251,Mafraq,32.275171,36.245529,89,1055,1144,0.9027
252,Mafraq,31.971759,36.338103,1973,870,2843,0.8765
253,Mafraq,32.543138,36.31127,14,94,108,0.8801
254,Mafraq,31.261407,36.579831,250,1,251,0.6484
255,Mafraq,31.610447,36.488161,52,1215,1267,0.9323
256,Mafraq,32.287721,36.731081,842,47,889,0.9657
257,Mafraq,32.868666,37.10898,462,1631,2093,0.8439
258,Mafraq,32.372873,35.325919,997,648,1645,0.7056
259,Mafraq,32.005401,37.401018,3944,808,4752,0.7154
260,Mafraq,32.391982,36.510317,9863,297,10160,0.7461
261,Mafraq,33.02072,35.864543,179,1390,1569,0.7672
262,Mafraq,32.045712,35.480988,78,1309,1387,0.6544
263,Mafraq,32.327885,35.970884,432,4171,4603,0.6431
264,Mafraq,31.780173,36.161292,2917,237,3154,0.5293
265,Mafraq,32.646722,36.252342,2040,435,2475,0.5359
266,Mafraq,32.219016,35.793314,46,2465,2511,0.7847
267,Mafraq,32.87888,35.175655,138,346,484,0.7561
268,Mafraq,32.278647,36.576237,372,819,1191,0.7698
269,Mafraq,32.041912,36.03152,1154,1591,2745,0.6286
270,Mafraq,32.773103,36.218721,93,731,824,0.99
271,Mafraq,32.318436,35.817376,4037,889,4926,0.5281
272,Mafraq,31.621444,35.335725,1018,710,1728,0.7774
273,Mafraq,32.54619,35.337345,139,662,801,0.8653
274,Mafraq,32.149476,36.287736,465,1008,1473,0.9657
275,Mafraq,32.701436,36.059308,9,198,207,0.6152
276,Mafraq,31.481974,35.811466,5749,526,6275,0.7104
277,Mafraq,31.947828,36.134809,5935,22,5957,0.7508
278,Mafraq,32.252758,35.849499,319,1531,1850,0.7636
279,Mafraq,32.519476,35.607281,548,1555,2103,0.9375
280,Mafraq,32.303265,36.217367,1154,421,1575,0.8392
281,Mafraq,32.435986,36.731225,1068,263,1331,0.7802
282,Mafraq,32.097725,36.405827,1963,40,2003,0.5799
283,Mafraq,32.386124,36.188724,28,758,786,0.7109
284,Mafraq,32.291285,35.171983,28,11202,11230,0.6632
285,Mafraq,32.379838,36.294921,103,890,993,0.5961
286,Mafraq,32.848983,35.730604,1393,870,2263,0.8757
287,Mafraq,32.513578,35.851575,715,61,776,0.9885
288,Mafraq,31.865245,36.712535,2259,1947,4206,0.8801
289,Mafraq,32.074452,36.972856,310,689,999,0.705
290,Zarqa,32.088157,35.909982,1855,8987,10842,0.4771
291,Zarqa,32.166853,36.179848,3062,705,3767,0.8343
292,Zarqa,32.189881,35.757122,260,2386,2646,0.7783
293,Zarqa,31.893149,36.003326,328,722,1050,0.65
294,Zarqa,32.43202,36.771982,1158,3927,5085,0.7071
295,Zarqa,32.039825,36.205391,333,376,709,0.752
296,Zarqa,32.01508,36.482746,418,6369,6787,0.6468
297,Zarqa,32.162394,36.234303,2600,4492,7092,0.6775
298,Zarqa,32.223809,35.952004,929,5781,6710,0.5207
299,Zarqa,31.874772,36.18449,385,12617,13002,0.7346
300,Zarqa,32.155199,36.456188,1042,281,1323,0.6091
301,Zarqa,32.193173,35.847626,319,983,1302,0.5481
302,Zarqa,32.197997,36.274602,1086,15,1101,0.563
303,Zarqa,32.059912,35.753868,557,329,886,0.5529
304,Zarqa,32.233069,36.214345,9,2579,2588,0.6901
305,Zarqa,32.081759,36.089354,1407,2971,4378,0.5043
306,Zarqa,32.198589,36.180414,226,8,234,0.6887
307,Zarqa,31.978114,35.614065,61,22149,22210,0.7855
308,Zarqa,31.986609,35.897989,254,5062,5316,0.721
309,Zarqa,32.002238,36.320986,796,7325,8121,0.7087
310,Zarqa,32.195842,35.78729,4447,2867,7314,0.8039
311,Zarqa,32.119825,36.006559,348,7213,7561,0.6329
312,Zarqa,31.753078,36.177704,636,313,949,0.4453
313,Zarqa,31.829319,35.752881,665,20,685,0.788
314,Zarqa,31.959533,36.42522,1439,7300,8739,0.5243
315,Zarqa,31.765476,35.842165,435,1442,1877,0.8077
316,Zarqa,32.044738,35.967177,193,0,193,0.6356
317,Zarqa,32.163121,36.333628,22,4518,4540,0.8418
318,Zarqa,32.008042,35.79607,205,13247,13452,0.5438
319,Zarqa,32.11965,35.875773,675,7519,8194,0.4569
320,Zarqa,32.134682,36.077096,733,1781,2514,0.6152
321,Zarqa,31.936271,36.037112,441,132,573,0.4621
322,Zarqa,32.233036,36.315555,524,875,1399,0.3146
323,Zarqa,31.905488,35.758564,8358,6592,14950,0.506
324,Zarqa,32.057781,35.768878,857,110,967,0.4625
325,Zarqa,31.892088,36.133399,848,18057,18905,0.6211
326,Zarqa,31.942887,36.126701,498,1556,2054,0.5225
327,Zarqa,32.023902,36.455959,161,629,790,0.8245
328,Zarqa,31.838875,36.270341,2921,4141,7062,0.7398
329,Zarqa,31.866113,36.267931,618,3530,4148,0.8561
330,Zarqa,31.870742,35.885949,72,8559,8631,0.7728
331,Zarqa,32.121669,36.209125,68,1710,1778,0.6645
332,Zarqa,32.143125,35.795976,211,943,1154,0.7776
333,Zarqa,32.283326,36.037334,474,14933,15407,0.603
334,Zarqa,31.797201,36.200936,513,2365,2878,0.7015
335,Zarqa,32.061606,36.335158,756,5662,6418,0.5565
336,Zarqa,32.174429,35.863474,222,4270,4492,0.6062
337,Zarqa,32.041416,36.137368,1438,367,1805,0.5509
338,Zarqa,32.049135,36.26953,569,2957,3526,0.5401
339,Zarqa,31.783616,36.472708,725,2655,3380,0.831
340,Zarqa,31.840193,36.239536,1898,163,2061,0.5295
341,Zarqa,32.120228,36.152529,715,8407,9122,0.5725
342,Zarqa,31.931722,35.935881,134,3146,3280,0.4634
343,Zarqa,31.923072,36.073021,2149,74,2223,0.4955
344,Zarqa,32.195569,36.414994,2078,2153,4231,0.5172
345,Zarqa,32.115893,36.197731,25,89,114,0.6855
346,Zarqa,32.086472,36.25119,448,28604,29052,0.6872
347,Zarqa,31.850021,36.279014,867,10415,11282,0.752
348,Zarqa,31.935409,36.096146,4,19525,19529,0.7193
349,Zarqa,32.035124,36.323855,1083,5748,6831,0.9882
350,Zarqa,31.931323,35.78397,1103,3420,4523,0.6586
351,Zarqa,32.202681,36.037009,238,2082,2320,0.8425
352,Zarqa,31.831851,36.240242,1715,153,1868,0.5131
353,Zarqa,32.382288,36.526153,144,7909,8053,0.4873
354,Zarqa,31.97388,36.276909,1,18209,18210,0.5481
355,Zarqa,32.064626,36.093385,1041,2869,3910,0.3029
356,Zarqa,32.070309,35.93606,1309,6852,8161,0.5311
357,Zarqa,32.332654,35.811368,1323,2428,3751,0.7401
358,Zarqa,32.022587,36.026253,1391,878,2269,0.7365
359,Zarqa,32.134009,36.213335,973,4863,5836,0.7649
360,Zarqa,32.013164,35.953108,2067,3365,5432,0.4364
361,Zarqa,31.924226,36.736601,41,7,48,0.8091
362,Zarqa,31.829607,35.796859,34,15868,15902,0.6871
363,Zarqa,32.171308,36.208554,1743,4324,6067,0.5692
364,Zarqa,32.050218,36.159933,31,1281,1312,0.6237
365,Zarqa,31.673326,36.037244,594,6135,6729,0.4738
366,Zarqa,32.104338,36.744557,34,2465,2499,0.6688
367,Zarqa,32.016365,36.290596,1644,307,1951,0.6872
368,Zarqa,32.148417,36.221307,18,1780,1798,0.939
369,Zarqa,31.86924,36.191999,374,6953,7327,0.4618
370,Zarqa,32.172792,35.885689,165,1741,1906,0.5432
371,Zarqa,32.019684,36.30248,1708,15028,16736,0.757
372,Zarqa,31.848571,36.099886,378,3515,3893,0.4965
373,Zarqa,31.846269,36.040056,263,7744,8007,0.5606
374,Zarqa,32.509609,36.183051,159,3353,3512,0.3896
375,Zarqa,31.971141,36.312504,5668,4689,10357,0.9442
376,Zarqa,31.787323,35.674217,310,610,920,0.9094
377,Zarqa,32.142931,35.896776,66,247,313,0.6955
378,Zarqa,31.598365,36.088543,552,56,608,0.6625
379,Zarqa,32.239169,35.864743,748,11116,11864,0.6237
380,Zarqa,31.906224,36.143984,30,19347,19377,0.4667
381,Zarqa,31.999342,35.868721,175,2079,2254,0.7142
382,Zarqa,32.227321,36.036183,1856,2819,4675,0.6161
383,Zarqa,31.812054,36.021871,663,1062,1725,0.602
384,Zarqa,32.544543,35.843167,82,12902,12984,0.8443
385,Zarqa,32.252235,36.14954,206,12788,12994,0.8914
386,Zarqa,32.139779,36.173415,876,7518,8394,0.6015
387,Zarqa,32.293042,36.329023,1365,2625,3990,0.5099
388,Zarqa,31.835336,36.043144,0,3698,3698,0.482
389,Zarqa,32.061366,36.360036,16,1339,1355,0.5368
390,Zarqa,32.065092,36.100565,1164,141,1305,0.7457
391,Zarqa,31.66836,35.954326,180,2718,2898,0.6438
392,Zarqa,32.288814,35.979581,313,8550,8863,0.3098
393,Zarqa,32.184348,35.94802,2036,1343,3379,0.4197
394,Zarqa,31.960418,36.047204,1606,7241,8847,0.5132
395,Zarqa,31.675798,36.285155,424,436,860,0.814
396,Zarqa,32.190074,35.837509,337,3061,3398,0.5778
397,Zarqa,32.071626,36.219535,42,342,384,0.7169
398,Zarqa,31.940649,36.105839,533,0,533,0.6832
399,Zarqa,32.334848,36.242791,886,1181,2067,0.7362
400,Zarqa,32.087889,36.398101,0,6146,6146,0.6756
401,Zarqa,31.917804,36.396541,1191,764,1955,0.7217
402,Zarqa,31.993052,35.982312,4708,6451,11159,0.6575
403,Zarqa,32.156173,36.131204,4001,1967,5968,0.6598
404,Zarqa,32.378792,36.323539,1559,1302,2861,0.6405
405,Zarqa,32.242236,35.860645,17,8774,8791,0.6737
406,Zarqa,32.398475,36.03983,4246,1591,5837,0.4744
407,Zarqa,31.955424,35.848081,422,8397,8819,0.4844
408,Zarqa,32.006109,35.778575,142,6770,6912,0.6125
409,Zarqa,32.23521,35.888094,1472,3692,5164,0.8531
410,Irbid,32.400084,36.072444,2052,786,2838,0.8604
411,Irbid,32.791134,35.660303,1837,2219,4056,0.6414
412,Irbid,32.271109,35.998821,1223,6561,7784,0.6566
413,Irbid,32.14424,35.547936,4007,2387,6394,0.5319
414,Irbid,32.489411,35.535536,296,3569,3865,0.6461
415,Irbid,32.610924,35.79949,138,6798,6936,0.4515
416,Irbid,32.786316,36.280406,168,8701,8869,0.4978
417,Irbid,32.420923,35.977714,221,41,262,0.5191
418,Irbid,32.524933,36.04231,1991,1317,3308,0.2554
419,Irbid,32.845627,35.868897,1589,3812,5401,0.51
420,Irbid,32.535968,35.840232,46,2597,2643,0.2857
421,Irbid,32.884486,35.860745,360,85,445,0.6553
422,Irbid,32.764941,35.584498,10,3023,3033,0.6605
423,Irbid,32.496719,36.07016,11,9179,9190,0.2184
424,Irbid,32.533799,35.693267,196,31,227,0.6535
425,Irbid,32.65901,35.666017,14,5704,5718,0.4589
426,Irbid,32.531254,35.616873,294,3719,4013,0.7231
427,Irbid,32.474374,35.094183,2852,500,3352,0.5163
428,Irbid,32.32712,35.425868,3074,7759,10833,0.3696
429,Irbid,32.57967,36.195447,2086,6311,8397,0.6332
430,Irbid,32.422169,35.968535,203,6889,7092,0.502
431,Irbid,32.402788,35.549866,31,4781,4812,0.2822
432,Irbid,32.469817,35.891094,1512,15325,16837,0.5636
433,Irbid,32.464087,35.604106,2433,8674,11107,0.6834
434,Irbid,32.265831,36.051767,429,6959,7388,0.4096
435,Irbid,32.390064,35.468636,6,20462,20468,0.4948
436,Irbid,32.770169,35.984063,1744,15802,17546,0.7463
437,Irbid,32.670471,35.563046,281,3762,4043,0.5238
438,Irbid,32.383956,36.195949,1612,1188,2800,0.3765
439,Irbid,32.752213,36.082168,1599,17741,19340,0.891
440,Irbid,32.465469,36.035204,2200,6030,8230,0.9679
441,Irbid,32.419719,35.45089,765,999,1764,0.2604
442,Irbid,32.712397,35.360381,2513,8,2521,0.5167
443,Irbid,32.651809,35.898146,815,5322,6137,0.6523
444,Irbid,32.604504,36.182505,1564,2013,3577,0.4181
445,Irbid,32.406661,35.649109,1293,1334,2627,0.7211
446,Irbid,32.753688,35.967319,179,1514,1693,0.7812
447,Irbid,32.296431,36.283478,3683,114,3797,0.839
448,Irbid,32.717437,36.313268,321,456,777,0.2984
449,Irbid,32.440221,35.658821,160,408,568,0.7027
450,Irbid,32.324569,36.046949,6534,2044,8578,0.813
451,Irbid,32.708545,35.923775,1902,827,2729,0.4121
452,Irbid,32.369293,36.174901,852,4518,5370,0.7125
453,Irbid,32.547016,35.741344,510,6389,6899,0.2356
454,Irbid,32.320012,36.346969,1158,12968,14126,0.3623
455,Irbid,32.597286,36.111935,606,6469,7075,0.3667
456,Irbid,32.596236,36.093858,1245,4,1249,0.5821
457,Irbid,33.186649,35.416164,234,4544,4778,0.76
458,Irbid,32.517584,36.050699,995,1714,2709,0.655
459,Irbid,32.394306,35.909539,127,12300,12427,0.2642
460,Irbid,32.688314,35.927521,511,1168,1679,0.6886
461,Irbid,32.788386,35.945581,2203,949,3152,0.6052
462,Irbid,32.361765,35.664823,5,546,551,0.7817
463,Irbid,32.871594,35.788091,904,1914,2818,0.5878
464,Irbid,32.356585,36.154917,2211,295,2506,0.6931
465,Irbid,32.982668,35.621636,4921,2813,7734,0.5157
466,Irbid,32.606518,36.018087,580,2437,3017,0.5433
467,Irbid,32.363549,36.079166,101,3558,3659,0.7026
468,Irbid,32.35402,36.202415,236,463,699,0.7789
469,Irbid,32.585145,35.870695,822,2974,3796,0.6742
470,Irbid,32.366025,35.857808,10,1338,1348,0.2141
471,Irbid,32.74842,35.444012,43,4464,4507,0.8356
472,Irbid,32.482974,35.794967,2741,8448,11189,0.4733
473,Irbid,32.492231,36.218818,1082,4438,5520,0.1571
474,Irbid,32.836532,35.937886,2494,1694,4188,0.3748
475,Irbid,32.319031,36.285862,144,9,153,0.4193
476,Irbid,32.301863,36.145702,248,7744,7992,0.6376
477,Irbid,32.349256,35.906322,3009,3319,6328,0.4056
478,Irbid,32.797781,36.125956,5756,291,6047,0.6704
479,Irbid,32.635165,36.307909,2310,3542,5852,0.5799
480,Irbid,32.295588,35.966863,5927,45,5972,0.9346
481,Irbid,32.332353,35.75602,2368,2822,5190,0.6508
482,Irbid,32.543741,35.594601,43,496,539,0.7707
483,Irbid,33.066009,35.900994,33,1075,1108,0.4263
484,Irbid,32.214829,35.917074,180,8365,8545,0.7677
485,Irbid,32.660137,35.849375,115,890,1005,0.4798
486,Irbid,32.315324,36.067035,5731,1924,7655,0.7353
487,Irbid,32.215539,36.263358,5335,85,5420,0.6776
488,Irbid,32.863511,35.501047,238,5047,5285,0.3478
489,Irbid,32.522827,35.980724,299,732,1031,0.8854
490,Irbid,32.710937,35.786903,184,857,1041,0.4055
491,Irbid,32.8262,35.599177,211,1430,1641,0.8568
492,Irbid,32.493035,36.263551,1143,8438,9581,0.6954
493,Irbid,32.525461,35.714957,159,1379,1538,0.522
494,Irbid,32.64983,35.870061,95,7903,7998,0.4791
495,Irbid,32.519161,35.87043,2515,2208,4723,0.2181
496,Irbid,32.656397,35.595272,42,9254,9296,0.3839
497,Irbid,32.184384,35.383588,267,1569,1836,0.3496
498,Irbid,32.399615,36.357847,1897,8549,10446,0.4906
499,Irbid,32.594705,35.954125,814,2144,2958,0.6023
500,Irbid,32.538562,35.539224,92,15869,15961,0.8267
501,Irbid,32.953183,35.412509,232,2284,2516,0.4059
502,Irbid,32.494042,35.59922,41,450,491,0.666
503,Irbid,32.39538,36.412915,273,23044,23317,0.7824
504,Irbid,32.602366,36.117016,24,5495,5519,0.768
505,Irbid,32.431532,35.637784,517,1823,2340,0.5933
506,Irbid,32.74516,35.886156,796,3780,4576,0.3119
507,Irbid,32.378979,35.830767,1696,4515,6211,0.5671
508,Irbid,32.989559,35.489643,282,1402,1684,0.666
509,Irbid,32.883205,36.440577,2231,1719,3950,0.5113
510,Irbid,32.663714,35.998138,2875,8216,11091,0.6132
511,Irbid,32.533854,35.963354,143,1520,1663,0.1495
512,Irbid,32.705655,35.882806,1474,247,1721,0.5422
513,Irbid,33.00591,35.674517,569,1790,2359,0.5115
514,Irbid,32.993742,35.633664,349,4456,4805,0.4865
515,Irbid,32.523254,36.068591,422,1664,2086,0.6153
516,Irbid,32.271222,35.711636,509,433,942,0.4767
517,Irbid,32.538611,35.960719,76,65,141,0.6511
518,Irbid,32.164877,36.126625,777,478,1255,0.6229
519,Irbid,32.860197,35.965492,583,3089,3672,0.7672
520,Irbid,32.65824,36.200019,181,2526,2707,0.6688
521,Irbid,32.534059,36.440833,365,11656,12021,0.7311
522,Irbid,32.681824,35.518161,90,14013,14103,0.361
523,Irbid,32.619997,35.887836,133,4020,4153,0.4756
524,Irbid,32.586616,36.263043,168,6352,6520,0.6982
525,Irbid,32.304578,35.821008,2088,4782,6870,0.4432
526,Irbid,32.470306,35.74246,3655,5857,9512,0.4988
527,Irbid,32.27947,35.81681,787,392,1179,0.4847
528,Irbid,31.911121,36.383773,369,2906,3275,0.7651
529,Irbid,32.472814,35.854893,747,1924,2671,0.3808
530,Irbid,32.928659,36.343295,1834,13886,15720,0.6066
531,Irbid,32.780777,35.895575,1138,9400,10538,0.3528
532,Irbid,32.464999,35.884301,168,2638,2806,0.5027
533,Irbid,32.507496,35.826236,203,3274,3477,0.5663
534,Irbid,32.567097,35.574243,0,59,59,0.4581
535,Irbid,32.272991,36.104232,1809,4,1813,0.222
536,Irbid,32.80939,36.210451,1524,21498,23022,0.5286
537,Irbid,31.98291,35.756059,517,5787,6304,0.5691
538,Irbid,32.333268,35.716043,50,4672,4722,0.8401
539,Irbid,32.701884,35.609613,254,17677,17931,0.3084
540,Azraq,31.904736,36.873857,81,2549,2630,0.6706
541,Azraq,31.804099,36.217222,747,1141,1888,0.8114
542,Azraq,32.126172,36.414043,356,804,1160,0.7197
543,Azraq,31.906221,37.177596,22,263,285,0.7362
544,Azraq,31.70195,36.275502,214,747,961,0.8024
545,Azraq,32.248815,36.90446,1707,526,2233,0.7873
546,Azraq,31.904816,36.823694,113,406,519,0.6924
547,Azraq,32.005056,36.890013,275,302,577,0.7921
548,Azraq,31.645327,37.191782,83,986,1069,0.8698
549,Azraq,31.729816,37.107311,200,276,476,0.7303
550,Azraq,31.683999,36.614083,287,96,383,0.5775
551,Azraq,31.934708,36.314079,1391,2135,3526,0.6426
552,Azraq,31.425282,36.8027,1639,1009,2648,0.772
553,Azraq,31.775061,36.534878,788,1514,2302,0.6493
554,Azraq,31.933274,36.672645,282,3090,3372,0.828
555,Azraq,31.66335,36.877498,268,379,647,0.9464
556,Azraq,31.957633,36.711324,742,133,875,0.8209
557,Azraq,31.792267,36.829006,53,1278,1331,0.7509
558,Azraq,31.807533,36.886186,2826,176,3002,0.6708
559,Azraq,31.637224,36.438008,2060,1598,3658,0.598
560,Azraq,31.596943,36.87145,101,62,163,0.6829
561,Azraq,31.943123,36.83652,725,2779,3504,0.5538
562,Azraq,31.971395,37.053824,285,202,487,0.6707
563,Azraq,31.924438,36.58698,551,680,1231,0.8017
564,Azraq,31.5875,36.32473,70,47,117,0.7441
565,Azraq,31.815654,36.71545,476,1244,1720,0.6479
566,Azraq,31.76042,36.902203,102,57,159,0.7846
567,Azraq,31.8769,36.639168,4,199,203,0.9306
568,Azraq,31.605165,36.963317,1109,1011,2120,0.9318
569,Azraq,31.936582,36.770093,140,2797,2937,0.7266
570,Azraq,32.047618,36.428367,501,1608,2109,0.6736
571,Azraq,31.760888,37.173343,927,846,1773,0.8356
572,Azraq,31.646791,36.739914,374,764,1138,0.7163
573,Azraq,31.698442,37.100889,140,1733,1873,0.6254
574,Azraq,32.162156,37.058704,562,14,576,0.9209
575,Azraq,31.747812,36.784817,385,364,749,0.618
576,Azraq,31.735468,36.965023,926,253,1179,0.9455
577,Azraq,31.618969,36.724458,534,1447,1981,0.7718
578,Azraq,31.561242,36.992378,78,90,168,0.7031
579,Azraq,31.801322,36.700254,31,416,447,0.6953
580,Azraq,31.838991,36.766429,471,344,815,0.7454
581,Azraq,31.694708,36.916267,423,1402,1825,0.9884
582,Azraq,31.868377,37.105713,1599,39,1638,0.6232
583,Azraq,31.871952,36.519537,1868,745,2613,0.6128
584,Azraq,31.692526,37.160532,1259,232,1491,0.904
585,Azraq,31.889001,36.397644,982,913,1895,0.7664
586,Azraq,31.90074,36.87595,510,279,789,0.5687
587,Azraq,31.662336,36.808858,146,12,158,0.8544
588,Azraq,31.401174,36.781405,129,768,897,0.8072
589,Azraq,32.010322,37.0208,479,150,629,0.8599
590,Azraq,31.680412,36.292559,295,2709,3004,0.7428
591,Azraq,32.040726,37.216967,26,1112,1138,0.8753
592,Azraq,31.926268,36.933099,77,470,547,0.7233
593,Azraq,31.814388,37.294139,105,238,343,0.6769
594,Azraq,32.163356,36.736632,265,213,478,0.9491
595,Azraq,31.559037,36.990853,2,318,320,0.7016
596,Azraq,31.557347,36.88799,724,408,1132,0.9111
597,Azraq,31.671412,36.407076,65,57,122,0.779
598,Azraq,31.822913,36.980329,334,724,1058,0.904
599,Azraq,31.828517,37.346341,709,288,997,0.8169
600,Azraq,31.771115,36.375561,2442,1156,3598,0.7585
601,Azraq,31.773123,37.095685,876,1344,2220,0.8455
602,Azraq,31.604526,36.875031,117,292,409,0.8706
603,Azraq,32.146006,37.075301,136,139,275,0.8813
604,Azraq,31.852417,36.935527,56,419,475,0.9399
605,Azraq,31.573845,36.728957,391,568,959,0.6973
606,Azraq,31.916231,37.171262,123,312,435,0.7184
607,Azraq,31.362339,36.711378,1023,100,1123,0.8996
608,Azraq,31.947926,36.946692,277,2216,2493,0.7564
609,Azraq,31.584594,36.971082,3900,974,4874,0.6899
