point_id,governorate,latitude,longitude,refugee_pop,host_pop,total_pop,vulnerability,log_total_pop,cluster
0,Amman,31.455858,36.389334,624,474,1098,0.6378,7.002155954403621,0
1,Amman,31.938336,36.00019,2398,5087,7485,0.3174,8.920789888464375,2
2,Amman,32.638711,35.951951,175,2394,2569,0.5397,7.851661177889265,1
3,Amman,32.157115,36.064523,42,2386,2428,0.5603,7.795234929002173,2
4,Amman,31.732567,36.06147,1481,36481,37962,0.8588,10.544367280159596,4
5,Amman,32.330618,36.42042,9,8068,8077,0.428,8.996899596123358,1
6,Amman,31.676811,35.870348,3636,2110,5746,0.53,8.656433258507741,2
7,Amman,32.260274,35.369011,218,9357,9575,0.7953,9.16701524723781,4
8,Amman,31.909658,35.773998,456,14829,15285,0.3378,9.63469265580283,2
9,Amman,31.49054,36.174015,788,397,1185,0.5332,7.078341579557671,2
10,Amman,31.592711,35.496175,1539,206,1745,0.4596,7.465082736399547,2
11,Amman,32.421226,35.827531,430,3991,4421,0.2494,8.394347361417392,1
12,Amman,31.885092,35.823328,866,756,1622,0.05,7.392031567514591,2
13,Amman,31.938697,35.836701,250,7680,7930,0.6453,8.97853441008332,4
14,Amman,32.471608,36.271101,1435,354,1789,0.4716,7.489970898834801,1
15,Amman,31.644073,36.734075,1516,288,1804,0.5307,7.498315870766981,0
16,Amman,31.9578,35.90288,50,10604,10654,0.5557,9.273784544532717,2
17,Amman,31.913479,35.727028,8774,358,9132,0.4216,9.11964950669168,2
18,Amman,31.944729,35.736704,2004,3038,5042,0.3917,8.525756422076725,2
19,Amman,31.9837,35.829007,123,16235,16358,0.7907,9.702533483594172,4
20,Amman,31.211628,36.259882,20,59562,59582,0.7443,10.9951255774669,4
21,Amman,31.373351,35.80094,362,13972,14334,0.4531,9.57045937831747,2
22,Amman,31.559797,35.661699,472,3728,4200,0.3201,8.343077871169383,2
23,Amman,32.444536,36.210017,1216,528,1744,0.7489,7.4645098346365275,3
24,Amman,32.155968,35.549303,9222,20,9242,0.4256,9.131621787264777,2
25,Amman,32.090925,35.519519,6790,199,6989,0.6483,8.852235835227855,4
26,Amman,31.886609,35.790657,1464,571,2035,0.648,7.618742377670413,2
27,Amman,32.078294,35.795091,78,12344,12422,0.7287,9.427304872213677,4
28,Amman,31.651202,36.107699,29,41078,41107,0.6268,10.623958028744964,4
29,Amman,31.867227,36.014963,662,2033,2695,0.2948,7.899524472032198,2
30,Amman,32.212628,35.851431,3575,1432,5007,0.4259,8.518791912779934,2
31,Amman,32.247623,35.68521,407,22,429,0.2665,6.063785208687608,2
32,Amman,31.518044,36.104523,151,136,287,0.2895,5.662960480135946,2
33,Amman,32.445242,35.244383,61,5528,5589,0.8254,8.628734566149145,4
34,Amman,32.012985,35.879652,2810,294,3104,0.4219,8.040768994367578,2
35,Amman,32.065658,35.898557,1,44789,44790,0.7186,10.70976250536426,4
36,Amman,31.985884,35.958697,2180,7997,10177,0.4545,9.227983807148778,2
37,Amman,31.937955,36.009097,2799,4198,6997,0.2122,8.853379672927634,2
38,Amman,31.576408,36.148445,4214,6794,11008,0.5508,9.306468399070404,2
39,Amman,31.902385,35.916499,471,147,618,0.5826,6.428105272684596,3
40,Amman,31.802767,35.661542,2376,36414,38790,0.5553,10.565943539941884,4
41,Amman,31.679956,36.041241,4792,4216,9008,0.2135,9.10597935665144,2
42,Amman,32.242064,36.061831,120,1949,2069,0.5661,7.635303886259415,3
43,Amman,32.229053,36.443552,2683,4349,7032,0.7026,8.858368636308018,4
44,Amman,31.438455,35.501135,2795,6778,9573,0.4075,9.166806369952454,2
45,Amman,31.961205,36.076251,1113,48088,49201,0.3894,10.803689552060698,2
46,Amman,32.006195,35.668877,13,10288,10301,0.4099,9.24009333012553,2
47,Amman,31.560035,35.615165,17,2280,2297,0.2767,7.739794458408701,2
48,Amman,31.680655,36.247765,478,9788,10266,0.3491,9.236690147298965,2
49,Amman,32.690967,36.068462,5407,26929,32336,0.5533,10.383967364449738,1
50,Amman,31.71356,36.134699,723,36207,36930,0.4164,10.516806585736159,2
51,Amman,31.988063,36.729827,425,7548,7973,0.5027,8.983941527941301,2
52,Amman,32.275697,35.685584,6289,31368,37657,0.5137,10.536300694056374,4
53,Amman,32.449724,35.709971,1664,146,1810,0.8462,7.501634457883413,3
54,Amman,32.152071,35.730611,3202,3067,6269,0.6338,8.743531633626967,4
55,Amman,32.226215,36.109579,4940,7040,11980,0.2374,9.3910773406399,2
56,Amman,31.750302,35.831394,3254,45152,48406,0.5066,10.78739971034626,2
57,Amman,32.127688,35.967464,302,18216,18518,0.2796,9.826552511062006,2
58,Amman,32.060355,36.105987,3408,3590,6998,0.6208,8.85352256068954,4
59,Amman,32.256519,36.177455,2,200,202,0.6027,5.313205979041787,3
60,Amman,31.934254,35.379093,744,16243,16987,0.5973,9.740262491433162,4
61,Amman,32.012053,35.997505,120,13518,13638,0.2902,9.520688614926875,2
62,Amman,31.651204,36.247609,6986,19221,26207,0.5129,10.173819986652797,2
63,Amman,32.14472,35.919662,1097,4134,5231,0.5254,8.562548893137034,2
64,Amman,32.216619,35.745466,595,37710,38305,0.5373,10.553361820862607,4
65,Amman,31.824463,35.771561,1013,1479,2492,0.4643,7.821242083523558,2
66,Amman,32.016097,35.7574,1527,7678,9205,0.746,9.127610724377186,4
67,Amman,31.70341,35.850801,36,544,580,0.4408,6.364750756851911,2
68,Amman,32.359054,35.973498,5431,5379,10810,0.7057,9.288319413292772,4
69,Amman,31.537943,35.996056,158,5376,5534,0.6801,8.618846845142738,4
70,Amman,31.97694,36.251554,1917,6040,7957,0.4269,8.981932990986873,2
71,Amman,32.348517,36.646247,320,22044,22364,0.4547,10.015252515866948,1
72,Amman,31.829159,36.375683,606,12792,13398,0.8043,9.502935356288608,4
73,Amman,31.807499,35.77614,1665,10518,12183,0.4693,9.407878894574997,2
74,Amman,31.577454,35.616631,80,2745,2825,0.3393,7.946617563244473,2
75,Amman,31.738917,35.899501,492,3275,3767,0.5622,8.234299635696253,2
76,Amman,32.38804,35.591127,25,25805,25830,0.6972,10.159330600013353,4
77,Amman,31.893983,35.894772,1955,5255,7210,0.6415,8.88336291691676,4
78,Amman,31.639538,36.032971,1070,3334,4404,0.55,8.39049553837028,2
79,Amman,32.091786,36.003134,1737,20467,22204,0.962,10.008072767726203,4
80,Amman,31.775333,35.740681,2054,787,2841,0.4078,7.952263308657046,2
81,Amman,31.798366,35.706636,6064,4843,10907,0.734,9.297251743965479,4
82,Amman,32.351641,35.727961,360,4273,4633,0.3702,8.441175704992322,1
83,Amman,32.085896,35.733889,3396,4853,8249,0.6339,9.017968479328726,4
84,Amman,32.010718,35.425562,1142,8114,9256,0.7986,9.133135301067211,4
85,Amman,32.456746,35.714508,84,305,389,0.4502,5.966146739123692,3
86,Amman,32.033942,36.017626,5174,646,5820,0.6385,8.669227347271736,4
87,Amman,32.516757,35.853977,535,725,1260,0.3763,7.13966033596492,1
88,Amman,31.567691,35.676702,2343,1066,3409,0.514,8.134467570277563,2
89,Amman,32.456376,35.744964,4788,24682,29470,0.5603,10.291162007969065,1
90,Amman,31.949302,36.290886,1717,9189,10906,0.9748,9.297160063928743,4
91,Amman,31.805257,35.753979,184,959,1143,0.7079,7.042286171939743,3
92,Amman,32.14483,36.501546,95,1026,1121,0.6251,7.022868086082641,0
93,Amman,31.853298,36.09961,1,593,594,0.7196,6.38856140554563,3
94,Amman,32.183635,36.072928,1225,1277,2502,0.712,7.8252452914317745,3
95,Amman,32.281303,36.352891,1780,5053,6833,0.6368,8.829665432675236,4
96,Amman,31.907107,35.957548,2224,119,2343,0.7372,7.759614150696903,4
97,Amman,31.725158,36.028575,503,7954,8457,0.4492,9.042868018032435,2
98,Amman,31.961949,36.319705,1765,21687,23452,0.5544,10.062753697461577,4
99,Amman,31.966902,35.475446,1817,224,2041,0.6543,7.621684998724611,3
100,Amman,32.134636,36.602842,84,15778,15862,0.4646,9.671744632408455,2
101,Amman,32.015262,35.990403,375,1088,1463,0.8039,7.288927694521257,3
102,Amman,31.927217,35.999887,4925,2990,7915,0.6294,8.976641306722456,4
103,Amman,32.006151,35.767741,3083,7681,10764,0.5549,9.284055409798464,2
104,Amman,32.254517,35.582115,1357,4329,5686,0.5439,8.645938147306799,1
105,Amman,31.757866,36.293015,242,108,350,0.2458,5.860786223465865,2
106,Amman,31.797402,36.031308,1739,10891,12630,0.8018,9.443909388773974,4
107,Amman,31.93549,35.732936,6844,5210,12054,0.8586,9.397234790615272,4
108,Amman,31.548456,35.206982,5668,501,6169,0.5992,8.727454116899434,2
109,Amman,31.813325,35.583805,6,5629,5635,0.6475,8.636929873018572,4
110,Amman,32.022164,35.730095,777,1868,2645,0.2895,7.880804344674901,2
111,Amman,32.198188,36.118664,8568,45,8613,0.5021,9.061144065614055,2
112,Amman,32.470958,35.568173,435,1322,1757,0.2454,7.471932078245122,1
113,Amman,31.760166,35.896012,3972,587,4559,0.5638,8.425077902508432,2
114,Amman,31.886354,36.023258,197,7026,7223,0.2947,8.88516409509682,2
115,Amman,32.358154,35.884312,6609,14681,21290,0.7211,9.966039727193092,4
116,Amman,32.049863,36.056761,1323,371,1694,0.6226,7.43543801981455,3
117,Amman,32.079258,36.116271,1557,6857,8414,0.7592,9.037771106624906,4
118,Amman,32.008926,36.137481,150,3839,3989,0.5038,8.29154650988391,2
119,Amman,32.357133,35.694154,4540,2013,6553,0.8442,8.787830829258759,4
120,Amman,31.942656,35.452752,2101,8491,10592,0.5431,9.267948684596496,2
121,Amman,31.763206,36.179606,585,2811,3396,0.4025,8.130647968160584,2
122,Amman,31.828969,35.305947,3281,7342,10623,0.4386,9.270870871716214,2
123,Amman,31.275214,35.403751,4301,465,4766,0.6569,8.469472455204826,2
124,Amman,32.173924,36.046746,1067,1641,2708,0.3459,7.904334842085095,2
125,Amman,31.940541,35.909447,3129,1106,4235,0.3115,8.351374706721296,2
126,Amman,32.374852,36.191356,2140,996,3136,0.4802,8.051022208190679,1
127,Amman,31.961428,35.977282,4868,331,5199,0.1525,8.556413904569519,2
128,Amman,31.88469,35.692365,898,3527,4425,0.3397,8.395251520610994,2
129,Amman,31.875192,36.48586,418,533,951,0.6354,6.858565034791365,0
130,Amman,31.79397,36.093826,17,44888,44905,0.7719,10.712326695092147,4
131,Amman,32.212797,35.929682,3478,16543,20021,0.4036,9.904586947979428,2
132,Amman,32.149403,36.036515,131,975,1106,0.6811,7.009408932708637,3
133,Amman,32.131748,36.246457,2784,30585,33369,0.4237,10.415412571745419,2
134,Amman,32.32277,35.973832,1602,6489,8091,0.8935,8.998631198287637,4
135,Amman,31.760927,36.466108,36,13546,13582,0.5556,9.51657428982249,2
136,Amman,31.771503,35.755757,1189,2434,3623,0.4623,8.19533366716287,2
137,Amman,32.072666,36.077907,2345,5132,7477,0.4167,8.91972065553706,2
138,Amman,31.947081,36.596127,1087,553,1640,0.831,7.403061091090091,0
139,Amman,32.076071,35.922761,3088,2063,5151,0.5416,8.54714026778419,2
140,Amman,32.125685,35.583306,13,843,856,0.4737,6.75343791859778,3
141,Amman,31.486696,36.038351,3696,236,3932,0.6365,8.27715777243181,2
142,Amman,31.818608,36.414276,719,2419,3138,0.2994,8.051659556841953,2
143,Amman,31.543875,35.982425,176,1725,1901,0.7085,7.550661243105336,2
144,Amman,32.4254,35.763757,1227,13053,14280,0.7142,9.566685261452934,4
145,Amman,31.943118,35.855359,1835,4482,6317,0.6791,8.75115798136203,4
146,Amman,32.13655,35.406155,7799,2724,10523,0.7858,9.261413642160184,4
147,Amman,32.340326,35.71042,1250,17579,18829,0.5912,9.843206621651198,4
148,Amman,32.092228,35.994016,750,619,1369,0.4209,7.222566018822171,2
149,Amman,31.765845,35.902423,576,253,829,0.7311,6.721425700790643,3
150,Amman,32.106108,35.792003,5,6556,6561,0.6589,8.789050713521046,4
151,Amman,31.156308,36.278205,30,732,762,0.2069,6.637258031284457,2
152,Amman,31.852417,35.552306,4056,1235,5291,0.287,8.573951525234847,2
153,Amman,32.278932,35.760936,928,922,1850,0.5824,7.523481312573497,3
154,Amman,31.940762,36.063253,991,9110,10101,0.5338,9.220488703027998,2
155,Amman,31.594662,36.229405,204,2845,3049,0.4311,8.022896869601457,2
156,Amman,31.518057,35.773603,689,3278,3967,0.7901,8.286017468404763,4
157,Amman,32.191962,35.799031,1675,3954,5629,0.4571,8.635864721133736,2
158,Amman,31.863842,36.575159,624,4332,4956,0.5887,8.508555998020574,2
159,Amman,32.074312,36.240291,1035,12420,13455,0.563,9.507180382212729,4
160,Amman,31.881368,35.847768,1825,1512,3337,0.5071,8.11312710422178,2
161,Amman,31.943478,36.143441,56,3164,3220,0.5294,8.0774471493312,2
162,Amman,32.159039,35.884771,13,26178,26191,0.5342,10.173209299610916,4
163,Amman,31.394404,36.203825,6831,567,7398,0.5824,8.90910013492555,2
164,Amman,32.233343,34.983798,660,7949,8609,0.8959,9.060679597421776,4
165,Amman,31.914815,36.265219,873,728,1601,0.3328,7.379008127628304,2
166,Amman,32.125477,35.573507,6901,7732,14633,0.4077,9.591102867443976,2
167,Amman,32.489829,35.849582,8335,24267,32602,0.5591,10.392159587660679,1
168,Amman,32.197519,36.069218,85,822,907,0.5471,6.811244378601294,3
169,Amman,32.056089,36.679693,57,1665,1722,0.5096,7.45182223652793,0
170,Amman,32.010208,36.246809,3355,95,3450,0.719,8.146419323098003,4
171,Amman,32.286268,36.114994,118,13169,13287,0.3143,9.49461665129313,2
172,Amman,32.411261,35.543769,1638,2644,4282,0.5745,8.36240897761537,1
173,Amman,31.742703,35.890076,2427,524,2951,0.5792,7.990238185720363,2
174,Amman,32.04388,36.045615,409,642,1051,0.8105,6.9584483932976555,3
175,Amman,32.08089,35.83247,2578,15190,17768,0.6935,9.785210644945074,4
176,Amman,32.286952,35.517765,617,1484,2101,0.6275,7.650644551436897,3
177,Amman,32.150228,35.81538,539,11170,11709,0.7676,9.368198456591763,4
178,Amman,31.911884,35.950784,4116,10128,14244,0.4888,9.56416124693201,2
179,Amman,31.958262,35.559792,2580,1697,4277,0.2608,8.361240889642351,2
180,Mafraq,32.14716,35.59121,460,585,1045,0.7597,6.952728644624869,3
181,Mafraq,31.635324,36.384742,446,70,516,0.7193,6.248042874508429,0
182,Mafraq,32.156285,35.329913,216,437,653,0.8119,6.483107351457199,3
183,Mafraq,32.12962,35.563546,1008,313,1321,0.3379,7.186901020411631,2
184,Mafraq,32.331694,37.181738,1068,1840,2908,0.9726,7.975564658495202,0
185,Mafraq,32.159861,35.875783,430,1437,1867,0.8056,7.532623618788788,3
186,Mafraq,31.943346,36.372986,741,383,1124,0.8473,7.025538314638521,0
187,Mafraq,32.833473,36.151915,8,4,12,0.7115,2.5649493574615367,3
188,Mafraq,31.991507,35.752216,431,1386,1817,0.7083,7.505492274737424,3
189,Mafraq,32.489646,36.709472,926,603,1529,0.6276,7.333023014386481,0
190,Mafraq,32.939775,36.057882,1024,2,1026,0.737,6.934397209928558,3
191,Mafraq,32.043815,34.873668,2249,5222,7471,0.8638,8.918917979908679,4
192,Mafraq,32.637438,36.05227,1182,4238,5420,0.7494,8.598035579260339,1
193,Mafraq,32.549076,35.3476,224,55,279,0.6659,5.634789603169249,3
194,Mafraq,32.660406,35.517141,30,445,475,0.7811,6.16541785423142,3
195,Mafraq,31.800067,36.463536,655,46,701,0.735,6.553933404025811,0
196,Mafraq,31.696647,36.847607,280,86,366,0.6372,5.905361848054571,0
197,Mafraq,32.018599,36.317313,2155,1267,3422,0.9008,8.138272638530186,4
198,Mafraq,31.936371,36.240924,318,324,642,0.8,6.466144724237619,0
199,Mafraq,32.619942,36.304043,1524,454,1978,0.6886,7.590346945602565,3
200,Mafraq,32.011664,36.254379,494,2549,3043,0.5899,8.020927718981577,2
201,Mafraq,31.17416,36.447108,146,1544,1690,0.8666,7.43307534889858,0
202,Mafraq,31.397527,35.651648,147,1052,1199,0.8267,7.090076835776092,3
203,Mafraq,33.165698,36.218437,1483,183,1666,0.6381,7.418780882750794,1
204,Mafraq,32.269541,36.963182,884,12,896,0.6496,6.799055862058796,0
205,Mafraq,32.023023,35.941491,5736,457,6193,0.6065,8.731336360533149,4
206,Mafraq,32.391768,37.100573,2182,946,3128,0.7852,8.048468743668883,0
207,Mafraq,32.241759,36.046504,19,871,890,0.5212,6.792344427470809,3
208,Mafraq,32.695944,36.16419,5089,26,5115,0.7147,8.540128162698734,1
209,Mafraq,33.619943,36.371314,2312,86,2398,0.6347,7.782807262839695,1
210,Mafraq,32.172157,36.838645,204,554,758,0.7559,6.63200177739563,0
211,Mafraq,31.767389,36.712576,1036,13,1049,0.6465,6.956545443151569,0
212,Mafraq,33.092019,36.801026,2540,1169,3709,0.6774,8.21878715560148,1
213,Mafraq,32.855107,36.244321,384,4103,4487,0.8594,8.409162447202533,3
214,Mafraq,32.536593,35.741504,1961,294,2255,0.6499,7.721348612617949,3
215,Mafraq,32.754684,36.022874,2347,290,2637,0.6835,7.87777633327726,1
216,Mafraq,31.960651,36.439979,1272,953,2225,0.99,7.70796153183549,0
217,Mafraq,31.915687,36.220321,1085,106,1191,0.9377,7.083387847625295,0
218,Mafraq,32.310843,36.455804,948,950,1898,0.5913,7.549082710812286,3
219,Mafraq,32.514023,36.104071,1649,36,1685,0.878,7.430114138561801,3
220,Mafraq,32.817654,37.63126,8,226,234,0.8211,5.459585514144159,0
221,Mafraq,32.473019,36.313911,1021,834,1855,0.6906,7.526178913346146,3
222,Mafraq,32.478094,36.044529,209,135,344,0.7636,5.84354441703136,3
223,Mafraq,32.869739,35.653402,976,806,1782,0.8996,7.48605261786314,3
224,Mafraq,32.869546,36.142062,1408,895,2303,0.4429,7.742402021815782,1
225,Mafraq,32.099571,36.920347,524,13,537,0.7368,6.2878585601617845,0
226,Mafraq,31.942979,35.929374,1394,1622,3016,0.8577,8.012018239159062,4
227,Mafraq,32.561393,36.075587,89,5591,5680,0.6886,8.644882552557126,1
228,Mafraq,32.185997,35.699674,1572,716,2288,0.9662,7.735870319952567,3
229,Mafraq,32.213772,36.876437,50,1716,1766,0.953,7.4770384723196965,0
230,Mafraq,32.742024,35.969609,159,68,227,0.7965,5.429345628954441,3
231,Mafraq,32.333022,35.709964,202,3216,3418,0.7854,8.137103389639302,3
232,Mafraq,31.871084,36.860224,37,319,356,0.675,5.877735781779639,0
233,Mafraq,32.423164,36.362808,35,420,455,0.7038,6.1224928095143865,3
234,Mafraq,32.577378,35.945803,211,63,274,0.862,5.616771097666572,3
235,Mafraq,31.804308,36.276509,3109,2476,5585,0.99,8.628018746505122,4
236,Mafraq,31.942567,35.83424,780,216,996,0.8119,6.904750769961838,3
237,Mafraq,32.414533,36.399847,351,2162,2513,0.8085,7.829630389150193,3
238,Mafraq,32.596589,36.817335,854,3014,3868,0.7974,8.260751354700513,0
239,Mafraq,32.246197,36.576916,868,1357,2225,0.99,7.70796153183549,0
240,Mafraq,32.289647,35.671009,140,1967,2107,0.895,7.653494909661253,3
241,Mafraq,32.294548,35.012032,170,1479,1649,0.8586,7.408530566894626,3
242,Mafraq,32.128569,36.157207,59,109,168,0.7865,5.1298987149230735,3
243,Mafraq,32.4189,36.597198,1778,6135,7913,0.679,8.97638862194537,4
244,Mafraq,32.547942,36.064249,1260,14,1274,0.8434,7.150701457592526,3
245,Mafraq,32.588847,35.692509,4166,71,4237,0.892,8.351846738828245,3
246,Mafraq,32.128315,36.651432,466,1761,2227,0.7914,7.708859601047175,0
247,Mafraq,33.077973,36.084094,9985,541,10526,0.6911,9.261698664251325,1
248,Mafraq,32.334932,36.040251,800,1245,2045,0.852,7.6236419465115715,3
249,Mafraq,31.696176,35.627475,746,737,1483,0.5905,7.302496423727326,2
250,Mafraq,32.722823,37.147837,53,228,281,0.7254,5.641907070938114,0
251,Mafraq,32.275171,36.245529,89,1055,1144,0.9027,7.0431599159883405,3
252,Mafraq,31.971759,36.338103,1973,870,2843,0.8765,7.952966790923131,0
253,Mafraq,32.543138,36.31127,14,94,108,0.8801,4.6913478822291435,3
254,Mafraq,31.261407,36.579831,250,1,251,0.6484,5.529429087511423,0
255,Mafraq,31.610447,36.488161,52,1215,1267,0.9323,7.145196134997171,0
256,Mafraq,32.287721,36.731081,842,47,889,0.9657,6.7912214627261855,0
257,Mafraq,32.868666,37.10898,462,1631,2093,0.8439,7.646831391430482,0
258,Mafraq,32.372873,35.325919,997,648,1645,0.7056,7.406103381237015,3
259,Mafraq,32.005401,37.401018,3944,808,4752,0.7154,8.46653127661401,0
260,Mafraq,32.391982,36.510317,9863,297,10160,0.7461,9.22631214148588,4
261,Mafraq,33.02072,35.864543,179,1390,1569,0.7672,7.358830898342354,3
262,Mafraq,32.045712,35.480988,78,1309,1387,0.6544,7.23561914106675,3
263,Mafraq,32.327885,35.970884,432,4171,4603,0.6431,8.434680769841773,4
264,Mafraq,31.780173,36.161292,2917,237,3154,0.5293,8.056743774975313,2
265,Mafraq,32.646722,36.252342,2040,435,2475,0.5359,7.814399633804487,1
266,Mafraq,32.219016,35.793314,46,2465,2511,0.7847,7.828834527588089,3
267,Mafraq,32.87888,35.175655,138,346,484,0.7561,6.184148890937483,3
268,Mafraq,32.278647,36.576237,372,819,1191,0.7698,7.083387847625295,0
269,Mafraq,32.041912,36.03152,1154,1591,2745,0.6286,7.917900586327916,4
270,Mafraq,32.773103,36.218721,93,731,824,0.99,6.715383386334681,3
271,Mafraq,32.318436,35.817376,4037,889,4926,0.5281,8.502485562543963,1
272,Mafraq,31.621444,35.335725,1018,710,1728,0.7774,7.455298485683291,3
273,Mafraq,32.54619,35.337345,139,662,801,0.8653,6.687108607866515,3
274,Mafraq,32.149476,36.287736,465,1008,1473,0.9657,7.295735072749282,3
275,Mafraq,32.701436,36.059308,9,198,207,0.6152,5.337538079701318,3
276,Mafraq,31.481974,35.811466,5749,526,6275,0.7104,8.744488113852924,4
277,Mafraq,31.947828,36.134809,5935,22,5957,0.7508,8.692490133273228,4
278,Mafraq,32.252758,35.849499,319,1531,1850,0.7636,7.523481312573497,3
279,Mafraq,32.519476,35.607281,548,1555,2103,0.9375,7.651595573857601,3
280,Mafraq,32.303265,36.217367,1154,421,1575,0.8392,7.362645270417825,3
281,Mafraq,32.435986,36.731225,1068,263,1331,0.7802,7.194436851100335,0
282,Mafraq,32.097725,36.405827,1963,40,2003,0.5799,7.602900462204755,2
283,Mafraq,32.386124,36.188724,28,758,786,0.7109,6.668228248417403,3
284,Mafraq,32.291285,35.171983,28,11202,11230,0.6632,9.326433090963036,4
285,Mafraq,32.379838,36.294921,103,890,993,0.5961,6.901737206656574,3
286,Mafraq,32.848983,35.730604,1393,870,2263,0.8757,7.724888439323074,3
287,Mafraq,32.513578,35.851575,715,61,776,0.9885,6.655440350367647,3
288,Mafraq,31.865245,36.712535,2259,1947,4206,0.8801,8.344505083590521,0
289,Mafraq,32.074452,36.972856,310,689,999,0.705,6.907755278982137,0
290,Zarqa,32.088157,35.909982,1855,8987,10842,0.4771,9.291274989472182,2
291,Zarqa,32.166853,36.179848,3062,705,3767,0.8343,8.234299635696253,4
292,Zarqa,32.189881,35.757122,260,2386,2646,0.7783,7.881182202227102,3
293,Zarqa,31.893149,36.003326,328,722,1050,0.65,6.957497370876951,3
294,Zarqa,32.43202,36.771982,1158,3927,5085,0.7071,8.534246945982066,0
295,Zarqa,32.039825,36.205391,333,376,709,0.752,6.565264970035361,3
296,Zarqa,32.01508,36.482746,418,6369,6787,0.6468,8.822911626354117,4
297,Zarqa,32.162394,36.234303,2600,4492,7092,0.6775,8.866863661202087,4
298,Zarqa,32.223809,35.952004,929,5781,6710,0.5207,8.811503250158239,2
299,Zarqa,31.874772,36.18449,385,12617,13002,0.7346,9.47293537905132,4
300,Zarqa,32.155199,36.456188,1042,281,1323,0.6091,7.188412736496954,0
301,Zarqa,32.193173,35.847626,319,983,1302,0.5481,7.172424577124845,3
302,Zarqa,32.197997,36.274602,1086,15,1101,0.563,7.004881989712859,3
303,Zarqa,32.059912,35.753868,557,329,886,0.5529,6.787844982309579,3
304,Zarqa,32.233069,36.214345,9,2579,2588,0.6901,7.859026979751538,3
305,Zarqa,32.081759,36.089354,1407,2971,4378,0.5043,8.384575666801398,2
306,Zarqa,32.198589,36.180414,226,8,234,0.6887,5.459585514144159,3
307,Zarqa,31.978114,35.614065,61,22149,22210,0.7855,10.008342940638508,4
308,Zarqa,31.986609,35.897989,254,5062,5316,0.721,8.57866451350434,4
309,Zarqa,32.002238,36.320986,796,7325,8121,0.7087,9.002331708246244,4
310,Zarqa,32.195842,35.78729,4447,2867,7314,0.8039,8.897682313454224,4
311,Zarqa,32.119825,36.006559,348,7213,7561,0.6329,8.930890984450878,4
312,Zarqa,31.753078,36.177704,636,313,949,0.4453,6.856461984594587,2
313,Zarqa,31.829319,35.752881,665,20,685,0.788,6.530877627725885,3
314,Zarqa,31.959533,36.42522,1439,7300,8739,0.5243,9.07566546864958,2
315,Zarqa,31.765476,35.842165,435,1442,1877,0.8077,7.537962659768208,3
316,Zarqa,32.044738,35.967177,193,0,193,0.6356,5.267858159063328,3
317,Zarqa,32.163121,36.333628,22,4518,4540,0.8418,8.420902531097951,4
318,Zarqa,32.008042,35.79607,205,13247,13452,0.5438,9.506957408485542,2
319,Zarqa,32.11965,35.875773,675,7519,8194,0.4569,9.01127949117793,2
320,Zarqa,32.134682,36.077096,733,1781,2514,0.6152,7.83002808253384,3
321,Zarqa,31.936271,36.037112,441,132,573,0.4621,6.352629396319567,2
322,Zarqa,32.233036,36.315555,524,875,1399,0.3146,7.24422751560335,2
323,Zarqa,31.905488,35.758564,8358,6592,14950,0.506,9.612533466213927,2
324,Zarqa,32.057781,35.768878,857,110,967,0.4625,6.875232087276577,2
325,Zarqa,31.892088,36.133399,848,18057,18905,0.6211,9.84723461098533,4
326,Zarqa,31.942887,36.126701,498,1556,2054,0.5225,7.628031126930335,2
327,Zarqa,32.023902,36.455959,161,629,790,0.8245,6.673297967767654,0
328,Zarqa,31.838875,36.270341,2921,4141,7062,0.7398,8.862625169408922,4
329,Zarqa,31.866113,36.267931,618,3530,4148,0.8561,8.330622620332868,4
330,Zarqa,31.870742,35.885949,72,8559,8631,0.7728,9.06323150693797,4
331,Zarqa,32.121669,36.209125,68,1710,1778,0.6645,7.483806687665835,3
332,Zarqa,32.143125,35.795976,211,943,1154,0.7776,7.051855622955894,3
333,Zarqa,32.283326,36.037334,474,14933,15407,0.603,9.642642134037906,4
334,Zarqa,31.797201,36.200936,513,2365,2878,0.7015,7.965198290612176,4
335,Zarqa,32.061606,36.335158,756,5662,6418,0.5565,8.767017621311778,2
336,Zarqa,32.174429,35.863474,222,4270,4492,0.6062,8.41027590907016,4
337,Zarqa,32.041416,36.137368,1438,367,1805,0.5509,7.498869733976931,2
338,Zarqa,32.049135,36.26953,569,2957,3526,0.5401,8.168202930236053,2
339,Zarqa,31.783616,36.472708,725,2655,3380,0.831,8.125926802707886,0
340,Zarqa,31.840193,36.239536,1898,163,2061,0.5295,7.631431664576906,2
341,Zarqa,32.120228,36.152529,715,8407,9122,0.5725,9.118553976345474,4
342,Zarqa,31.931722,35.935881,134,3146,3280,0.4634,8.0959035329611,2
343,Zarqa,31.923072,36.073021,2149,74,2223,0.4955,7.707062655370473,2
344,Zarqa,32.195569,36.414994,2078,2153,4231,0.5172,8.350429973538136,2
345,Zarqa,32.115893,36.197731,25,89,114,0.6855,4.74493212836325,3
346,Zarqa,32.086472,36.25119,448,28604,29052,0.6872,10.276877027171807,4
347,Zarqa,31.850021,36.279014,867,10415,11282,0.752,9.331052447138447,4
348,Zarqa,31.935409,36.096146,4,19525,19529,0.7193,9.879707023870724,4
349,Zarqa,32.035124,36.323855,1083,5748,6831,0.9882,8.829372735468406,4
350,Zarqa,31.931323,35.78397,1103,3420,4523,0.6586,8.41715183723601,4
351,Zarqa,32.202681,36.037009,238,2082,2320,0.8425,7.749753406274437,3
352,Zarqa,31.831851,36.240242,1715,153,1868,0.5131,7.533158807455563,2
353,Zarqa,32.382288,36.526153,144,7909,8053,0.4873,8.9939241414114,1
354,Zarqa,31.97388,36.276909,1,18209,18210,0.5481,9.80978108609582,4
355,Zarqa,32.064626,36.093385,1041,2869,3910,0.3029,8.271548374755515,2
356,Zarqa,32.070309,35.93606,1309,6852,8161,0.5311,9.00724451596575,2
357,Zarqa,32.332654,35.811368,1323,2428,3751,0.7401,8.230044310126114,4
358,Zarqa,32.022587,36.026253,1391,878,2269,0.7365,7.727535110475448,3
359,Zarqa,32.134009,36.213335,973,4863,5836,0.7649,8.671972245203792,4
360,Zarqa,32.013164,35.953108,2067,3365,5432,0.4364,8.600246746551523,2
361,Zarqa,31.924226,36.736601,41,7,48,0.8091,3.8918202981106265,0
362,Zarqa,31.829607,35.796859,34,15868,15902,0.6871,9.674263049655917,4
363,Zarqa,32.171308,36.208554,1743,4324,6067,0.5692,8.710784340468424,4
364,Zarqa,32.050218,36.159933,31,1281,1312,0.6237,7.180069874302796,3
365,Zarqa,31.673326,36.037244,594,6135,6729,0.4738,8.814330422638774,2
366,Zarqa,32.104338,36.744557,34,2465,2499,0.6688,7.824046010856292,0
367,Zarqa,32.016365,36.290596,1644,307,1951,0.6872,7.5766097669730375,3
368,Zarqa,32.148417,36.221307,18,1780,1798,0.939,7.4949862339505335,3
369,Zarqa,31.86924,36.191999,374,6953,7327,0.4618,8.899457906353966,2
370,Zarqa,32.172792,35.885689,165,1741,1906,0.5432,7.553286605600419,2
371,Zarqa,32.019684,36.30248,1708,15028,16736,0.757,9.725377116513638,4
372,Zarqa,31.848571,36.099886,378,3515,3893,0.4965,8.267192185932146,2
373,Zarqa,31.846269,36.040056,263,7744,8007,0.5606,8.988196320995057,2
374,Zarqa,32.509609,36.183051,159,3353,3512,0.3896,8.164225652265827,1
375,Zarqa,31.971141,36.312504,5668,4689,10357,0.9442,9.245514446983837,4
376,Zarqa,31.787323,35.674217,310,610,920,0.9094,6.825460036255307,3
377,Zarqa,32.142931,35.896776,66,247,313,0.6955,5.749392985908253,3
378,Zarqa,31.598365,36.088543,552,56,608,0.6625,6.411818267709897,0
379,Zarqa,32.239169,35.864743,748,11116,11864,0.6237,9.381348168869865,4
380,Zarqa,31.906224,36.143984,30,19347,19377,0.4667,9.87189368094495,2
381,Zarqa,31.999342,35.868721,175,2079,2254,0.7142,7.720905251936779,3
382,Zarqa,32.227321,36.036183,1856,2819,4675,0.6161,8.450198322591959,4
383,Zarqa,31.812054,36.021871,663,1062,1725,0.602,7.453561871643373,2
384,Zarqa,32.544543,35.843167,82,12902,12984,0.8443,9.471550124096849,4
385,Zarqa,32.252235,36.14954,206,12788,12994,0.8914,9.47231994707559,4
386,Zarqa,32.139779,36.173415,876,7518,8394,0.6015,9.035391569511642,4
387,Zarqa,32.293042,36.329023,1365,2625,3990,0.5099,8.291797105048733,1
388,Zarqa,31.835336,36.043144,0,3698,3698,0.482,8.215817791832453,2
389,Zarqa,32.061366,36.360036,16,1339,1355,0.5368,7.212294468500341,2
390,Zarqa,32.065092,36.100565,1164,141,1305,0.7457,7.174724309836376,3
391,Zarqa,31.66836,35.954326,180,2718,2898,0.6438,7.972121128921655,2
392,Zarqa,32.288814,35.979581,313,8550,8863,0.3098,9.089753408987065,2
393,Zarqa,32.184348,35.94802,2036,1343,3379,0.4197,8.125630988477065,2
394,Zarqa,31.960418,36.047204,1606,7241,8847,0.5132,9.087946723762116,2
395,Zarqa,31.675798,36.285155,424,436,860,0.814,6.7580945044277305,0
396,Zarqa,32.190074,35.837509,337,3061,3398,0.5778,8.131236549696116,2
397,Zarqa,32.071626,36.219535,42,342,384,0.7169,5.953243334287785,3
398,Zarqa,31.940649,36.105839,533,0,533,0.6832,6.280395838960195,3
399,Zarqa,32.334848,36.242791,886,1181,2067,0.7362,7.63433723562832,3
400,Zarqa,32.087889,36.398101,0,6146,6146,0.6756,8.72371943690701,4
401,Zarqa,31.917804,36.396541,1191,764,1955,0.7217,7.578656850594762,0
402,Zarqa,31.993052,35.982312,4708,6451,11159,0.6575,9.320091235935301,4
403,Zarqa,32.156173,36.131204,4001,1967,5968,0.6598,8.69433468816865,4
404,Zarqa,32.378792,36.323539,1559,1302,2861,0.6405,7.959275960116396,3
405,Zarqa,32.242236,35.860645,17,8774,8791,0.6737,9.081597496083457,4
406,Zarqa,32.398475,36.03983,4246,1591,5837,0.4744,8.67214355141406,1
407,Zarqa,31.955424,35.848081,422,8397,8819,0.4844,9.084777149000837,2
408,Zarqa,32.006109,35.778575,142,6770,6912,0.6125,8.841158975945264,4
409,Zarqa,32.23521,35.888094,1472,3692,5164,0.8531,8.549660381553739,4
410,Irbid,32.400084,36.072444,2052,786,2838,0.8604,7.951207156472972,3
411,Irbid,32.791134,35.660303,1837,2219,4056,0.6414,8.308199063206446,1
412,Irbid,32.271109,35.998821,1223,6561,7784,0.6566,8.959954084268098,4
413,Irbid,32.14424,35.547936,4007,2387,6394,0.5319,8.763271714012943,2
414,Irbid,32.489411,35.535536,296,3569,3865,0.6461,8.259975659768276,1
415,Irbid,32.610924,35.79949,138,6798,6936,0.4515,8.844624683385302,1
416,Irbid,32.786316,36.280406,168,8701,8869,0.4978,9.090430075303626,1
417,Irbid,32.420923,35.977714,221,41,262,0.5191,5.572154032177765,3
418,Irbid,32.524933,36.04231,1991,1317,3308,0.2554,8.104401307921613,1
419,Irbid,32.845627,35.868897,1589,3812,5401,0.51,8.59452453435256,1
420,Irbid,32.535968,35.840232,46,2597,2643,0.2857,7.880048200971577,1
421,Irbid,32.884486,35.860745,360,85,445,0.6553,6.100318952020064,3
422,Irbid,32.764941,35.584498,10,3023,3033,0.6605,8.017637159908478,1
423,Irbid,32.496719,36.07016,11,9179,9190,0.2184,9.12598002335811,1
424,Irbid,32.533799,35.693267,196,31,227,0.6535,5.429345628954441,3
425,Irbid,32.65901,35.666017,14,5704,5718,0.4589,8.651549243915316,1
426,Irbid,32.531254,35.616873,294,3719,4013,0.7231,8.297543529356284,3
427,Irbid,32.474374,35.094183,2852,500,3352,0.5163,8.117610746466228,1
428,Irbid,32.32712,35.425868,3074,7759,10833,0.3696,9.290444616217844,1
429,Irbid,32.57967,36.195447,2086,6311,8397,0.6332,9.035748861244139,1
430,Irbid,32.422169,35.968535,203,6889,7092,0.502,8.866863661202087,1
431,Irbid,32.402788,35.549866,31,4781,4812,0.2822,8.47907586930311,1
432,Irbid,32.469817,35.891094,1512,15325,16837,0.5636,9.73139351589761,1
433,Irbid,32.464087,35.604106,2433,8674,11107,0.6834,9.31542084842669,4
434,Irbid,32.265831,36.051767,429,6959,7388,0.4096,8.907747686788648,2
435,Irbid,32.390064,35.468636,6,20462,20468,0.4948,9.926666825483533,1
436,Irbid,32.770169,35.984063,1744,15802,17546,0.7463,9.772638274111136,1
437,Irbid,32.670471,35.563046,281,3762,4043,0.5238,8.304989580140361,1
438,Irbid,32.383956,36.195949,1612,1188,2800,0.3765,7.937731775260109,1
439,Irbid,32.752213,36.082168,1599,17741,19340,0.891,9.86998247397873,4
440,Irbid,32.465469,36.035204,2200,6030,8230,0.9679,9.015662792972645,4
441,Irbid,32.419719,35.45089,765,999,1764,0.2604,7.475905969367397,1
442,Irbid,32.712397,35.360381,2513,8,2521,0.5167,7.8328075165248645,1
443,Irbid,32.651809,35.898146,815,5322,6137,0.6523,8.722254235179681,1
444,Irbid,32.604504,36.182505,1564,2013,3577,0.4181,8.182559264068665,1
445,Irbid,32.406661,35.649109,1293,1334,2627,0.7211,7.873978379604501,3
446,Irbid,32.753688,35.967319,179,1514,1693,0.7812,7.434847875211999,3
447,Irbid,32.296431,36.283478,3683,114,3797,0.839,8.242229891372231,4
448,Irbid,32.717437,36.313268,321,456,777,0.2984,6.656726524178391,1
449,Irbid,32.440221,35.658821,160,408,568,0.7027,6.343880434126331,3
450,Irbid,32.324569,36.046949,6534,2044,8578,0.813,9.057072635572965,4
451,Irbid,32.708545,35.923775,1902,827,2729,0.4121,7.912056888179006,1
452,Irbid,32.369293,36.174901,852,4518,5370,0.7125,8.58876938990546,4
453,Irbid,32.547016,35.741344,510,6389,6899,0.2356,8.83927669058535,1
454,Irbid,32.320012,36.346969,1158,12968,14126,0.3623,9.555843138911664,1
455,Irbid,32.597286,36.111935,606,6469,7075,0.3667,8.864464055279676,1
456,Irbid,32.596236,36.093858,1245,4,1249,0.5821,7.1308988302963465,3
457,Irbid,33.186649,35.416164,234,4544,4778,0.76,8.471986598578159,1
458,Irbid,32.517584,36.050699,995,1714,2709,0.655,7.904703913873747,1
459,Irbid,32.394306,35.909539,127,12300,12427,0.2642,9.427707270512938,1
460,Irbid,32.688314,35.927521,511,1168,1679,0.6886,7.426549072397305,3
461,Irbid,32.788386,35.945581,2203,949,3152,0.6052,8.056109659545061,1
462,Irbid,32.361765,35.664823,5,546,551,0.7817,6.313548046277095,3
463,Irbid,32.871594,35.788091,904,1914,2818,0.5878,7.9441374911141125,1
464,Irbid,32.356585,36.154917,2211,295,2506,0.6931,7.826842098158293,3
465,Irbid,32.982668,35.621636,4921,2813,7734,0.5157,8.953510763007166,1
466,Irbid,32.606518,36.018087,580,2437,3017,0.5433,8.012349639327795,1
467,Irbid,32.363549,36.079166,101,3558,3659,0.7026,8.205218426395412,4
468,Irbid,32.35402,36.202415,236,463,699,0.7789,6.551080335043404,3
469,Irbid,32.585145,35.870695,822,2974,3796,0.6742,8.241966560231802,1
470,Irbid,32.366025,35.857808,10,1338,1348,0.2141,7.207118856207756,1
471,Irbid,32.74842,35.444012,43,4464,4507,0.8356,8.413608875159667,3
472,Irbid,32.482974,35.794967,2741,8448,11189,0.4733,9.322775801305971,1
473,Irbid,32.492231,36.218818,1082,4438,5520,0.1571,8.616314282284044,1
474,Irbid,32.836532,35.937886,2494,1694,4188,0.3748,8.340217320947035,1
475,Irbid,32.319031,36.285862,144,9,153,0.4193,5.0369526024136295,3
476,Irbid,32.301863,36.145702,248,7744,7992,0.6376,8.98632143762602,4
477,Irbid,32.349256,35.906322,3009,3319,6328,0.4056,8.752897524775305,1
478,Irbid,32.797781,36.125956,5756,291,6047,0.6704,8.70748291785937,1
479,Irbid,32.635165,36.307909,2310,3542,5852,0.5799,8.67470962929122,1
480,Irbid,32.295588,35.966863,5927,45,5972,0.9346,8.695004592732307,4
481,Irbid,32.332353,35.75602,2368,2822,5190,0.6508,8.55468163582723,4
482,Irbid,32.543741,35.594601,43,496,539,0.7707,6.29156913955832,3
483,Irbid,33.066009,35.900994,33,1075,1108,0.4263,7.011213987350367,1
484,Irbid,32.214829,35.917074,180,8365,8545,0.7677,9.05321861620397,4
485,Irbid,32.660137,35.849375,115,890,1005,0.4798,6.913737350659685,1
486,Irbid,32.315324,36.067035,5731,1924,7655,0.7353,8.94324493313279,4
487,Irbid,32.215539,36.263358,5335,85,5420,0.6776,8.598035579260339,4
488,Irbid,32.863511,35.501047,238,5047,5285,0.3478,8.572817095164234,1
489,Irbid,32.522827,35.980724,299,732,1031,0.8854,6.939253946041508,3
490,Irbid,32.710937,35.786903,184,857,1041,0.4055,6.948897222313312,1
491,Irbid,32.8262,35.599177,211,1430,1641,0.8568,7.403670290012373,3
492,Irbid,32.493035,36.263551,1143,8438,9581,0.6954,9.167641617443067,4
493,Irbid,32.525461,35.714957,159,1379,1538,0.522,7.338888133838879,1
494,Irbid,32.64983,35.870061,95,7903,7998,0.4791,8.987071812848821,1
495,Irbid,32.519161,35.87043,2515,2208,4723,0.2181,8.460411177317253,1
496,Irbid,32.656397,35.595272,42,9254,9296,0.3839,9.137447046455858,1
497,Irbid,32.184384,35.383588,267,1569,1836,0.3496,7.515889085215125,2
498,Irbid,32.399615,36.357847,1897,8549,10446,0.4906,9.254070134837509,1
499,Irbid,32.594705,35.954125,814,2144,2958,0.6023,7.99260665240021,1
500,Irbid,32.538562,35.539224,92,15869,15961,0.8267,9.677966176435953,4
501,Irbid,32.953183,35.412509,232,2284,2516,0.4059,7.830822995135316,1
502,Irbid,32.494042,35.59922,41,450,491,0.666,6.198478716492308,3
503,Irbid,32.39538,36.412915,273,23044,23317,0.7824,10.056980873493236,4
504,Irbid,32.602366,36.117016,24,5495,5519,0.768,8.616133139271142,4
505,Irbid,32.431532,35.637784,517,1823,2340,0.5933,7.75833346749091,1
506,Irbid,32.74516,35.886156,796,3780,4576,0.3119,8.428799040653642,1
507,Irbid,32.378979,35.830767,1696,4515,6211,0.5671,8.734238184268579,1
508,Irbid,32.989559,35.489643,282,1402,1684,0.666,7.429520842786462,1
509,Irbid,32.883205,36.440577,2231,1719,3950,0.5113,8.281723990411392,1
510,Irbid,32.663714,35.998138,2875,8216,11091,0.6132,9.313979406735669,1
511,Irbid,32.533854,35.963354,143,1520,1663,0.1495,7.416979621381154,1
512,Irbid,32.705655,35.882806,1474,247,1721,0.5422,7.451241684987676,1
513,Irbid,33.00591,35.674517,569,1790,2359,0.5115,7.7664168980196555,1
514,Irbid,32.993742,35.633664,349,4456,4805,0.4865,8.477620416296414,1
515,Irbid,32.523254,36.068591,422,1664,2086,0.6153,7.643482907077201,1
516,Irbid,32.271222,35.711636,509,433,942,0.4767,6.849066282633458,3
517,Irbid,32.538611,35.960719,76,65,141,0.6511,4.955827057601261,3
518,Irbid,32.164877,36.126625,777,478,1255,0.6229,7.135687347028144,3
519,Irbid,32.860197,35.965492,583,3089,3672,0.7672,8.208764045819667,1
520,Irbid,32.65824,36.200019,181,2526,2707,0.6688,7.903965634032166,1
521,Irbid,32.534059,36.440833,365,11656,12021,0.7311,9.394493583599107,4
522,Irbid,32.681824,35.518161,90,14013,14103,0.361,9.554213724077707,1
523,Irbid,32.619997,35.887836,133,4020,4153,0.4756,8.331827004436057,1
524,Irbid,32.586616,36.263043,168,6352,6520,0.6982,8.782783017393202,1
525,Irbid,32.304578,35.821008,2088,4782,6870,0.4432,8.835064935031076,1
526,Irbid,32.470306,35.74246,3655,5857,9512,0.4988,9.160414563206457,1
527,Irbid,32.27947,35.81681,787,392,1179,0.4847,7.07326971745971,3
528,Irbid,31.911121,36.383773,369,2906,3275,0.7651,8.09437844497296,0
529,Irbid,32.472814,35.854893,747,1924,2671,0.3808,7.890582534656536,1
530,Irbid,32.928659,36.343295,1834,13886,15720,0.6066,9.662752677191515,1
531,Irbid,32.780777,35.895575,1138,9400,10538,0.3528,9.262837940933936,1
532,Irbid,32.464999,35.884301,168,2638,2806,0.5027,7.939871576361883,1
533,Irbid,32.507496,35.826236,203,3274,3477,0.5663,8.154212694914229,1
534,Irbid,32.567097,35.574243,0,59,59,0.4581,4.0943445622221,3
535,Irbid,32.272991,36.104232,1809,4,1813,0.222,7.503289630675082,2
536,Irbid,32.80939,36.210451,1524,21498,23022,0.5286,10.04424899524437,1
537,Irbid,31.98291,35.756059,517,5787,6304,0.5691,8.74909824839902,2
538,Irbid,32.333268,35.716043,50,4672,4722,0.8401,8.460199469896118,4
539,Irbid,32.701884,35.609613,254,17677,17931,0.3084,9.79434210527533,1
540,Azraq,31.904736,36.873857,81,2549,2630,0.6706,7.875119281040293,0
541,Azraq,31.804099,36.217222,747,1141,1888,0.8114,7.543802867501509,0
542,Azraq,32.126172,36.414043,356,804,1160,0.7197,7.057036981697891,0
543,Azraq,31.906221,37.177596,22,263,285,0.7362,5.655991810819852,0
544,Azraq,31.70195,36.275502,214,747,961,0.8024,6.8690144506657065,0
545,Azraq,32.248815,36.90446,1707,526,2233,0.7873,7.711548979629146,0
546,Azraq,31.904816,36.823694,113,406,519,0.6924,6.253828811575473,0
547,Azraq,32.005056,36.890013,275,302,577,0.7921,6.359573868672378,0
548,Azraq,31.645327,37.191782,83,986,1069,0.8698,6.975413927455952,0
549,Azraq,31.729816,37.107311,200,276,476,0.7303,6.1675164908883415,0
550,Azraq,31.683999,36.614083,287,96,383,0.5775,5.950642552587727,0
551,Azraq,31.934708,36.314079,1391,2135,3526,0.6426,8.168202930236053,4
552,Azraq,31.425282,36.8027,1639,1009,2648,0.772,7.88193748927207,0
553,Azraq,31.775061,36.534878,788,1514,2302,0.6493,7.741967899820685,0
554,Azraq,31.933274,36.672645,282,3090,3372,0.828,8.12355783506165,0
555,Azraq,31.66335,36.877498,268,379,647,0.9464,6.473890696352274,0
556,Azraq,31.957633,36.711324,742,133,875,0.8209,6.775366090936392,0
557,Azraq,31.792267,36.829006,53,1278,1331,0.7509,7.194436851100335,0
558,Azraq,31.807533,36.886186,2826,176,3002,0.6708,8.00736706798333,0
559,Azraq,31.637224,36.438008,2060,1598,3658,0.598,8.204945165019208,2
560,Azraq,31.596943,36.87145,101,62,163,0.6829,5.099866427824199,0
561,Azraq,31.943123,36.83652,725,2779,3504,0.5538,8.16194579946869,0
562,Azraq,31.971395,37.053824,285,202,487,0.6707,6.1903154058531475,0
563,Azraq,31.924438,36.58698,551,680,1231,0.8017,7.116394144093465,0
564,Azraq,31.5875,36.32473,70,47,117,0.7441,4.770684624465665,0
565,Azraq,31.815654,36.71545,476,1244,1720,0.6479,7.450660796211539,0
566,Azraq,31.76042,36.902203,102,57,159,0.7846,5.075173815233827,0
567,Azraq,31.8769,36.639168,4,199,203,0.9306,5.318119993844216,0
568,Azraq,31.605165,36.963317,1109,1011,2120,0.9318,7.659642954564682,0
569,Azraq,31.936582,36.770093,140,2797,2937,0.7266,7.9854843567338225,0
570,Azraq,32.047618,36.428367,501,1608,2109,0.6736,7.6544432264701125,0
571,Azraq,31.760888,37.173343,927,846,1773,0.8356,7.480992162869525,0
572,Azraq,31.646791,36.739914,374,764,1138,0.7163,7.037905963447182,0
573,Azraq,31.698442,37.100889,140,1733,1873,0.6254,7.535830462798367,0
574,Azraq,32.162156,37.058704,562,14,576,0.9209,6.3578422665081,0
575,Azraq,31.747812,36.784817,385,364,749,0.618,6.620073206530356,0
576,Azraq,31.735468,36.965023,926,253,1179,0.9455,7.07326971745971,0
577,Azraq,31.618969,36.724458,534,1447,1981,0.7718,7.591861714889934,0
578,Azraq,31.561242,36.992378,78,90,168,0.7031,5.1298987149230735,0
579,Azraq,31.801322,36.700254,31,416,447,0.6953,6.104793232414985,0
580,Azraq,31.838991,36.766429,471,344,815,0.7454,6.704414354964107,0
581,Azraq,31.694708,36.916267,423,1402,1825,0.9884,7.509883061154913,0
582,Azraq,31.868377,37.105713,1599,39,1638,0.6232,7.40184157874383,0
583,Azraq,31.871952,36.519537,1868,745,2613,0.6128,7.868636894184167,0
584,Azraq,31.692526,37.160532,1259,232,1491,0.904,7.307872780763706,0
585,Azraq,31.889001,36.397644,982,913,1895,0.7664,7.547501682814967,0
586,Azraq,31.90074,36.87595,510,279,789,0.5687,6.672032945461067,0
587,Azraq,31.662336,36.808858,146,12,158,0.8544,5.0689042022202315,0
588,Azraq,31.401174,36.781405,129,768,897,0.8072,6.8001700683022,0
589,Azraq,32.010322,37.0208,479,150,629,0.8599,6.4457198193855785,0
590,Azraq,31.680412,36.292559,295,2709,3004,0.7428,8.008032846969307,0
591,Azraq,32.040726,37.216967,26,1112,1138,0.8753,7.037905963447182,0
592,Azraq,31.926268,36.933099,77,470,547,0.7233,6.306275286948016,0
593,Azraq,31.814388,37.294139,105,238,343,0.6769,5.840641657373398,0
594,Azraq,32.163356,36.736632,265,213,478,0.9491,6.171700597410915,0
595,Azraq,31.559037,36.990853,2,318,320,0.7016,5.771441123130016,0
596,Azraq,31.557347,36.88799,724,408,1132,0.9111,7.0326242610280065,0
597,Azraq,31.671412,36.407076,65,57,122,0.779,4.812184355372417,0
598,Azraq,31.822913,36.980329,334,724,1058,0.904,6.9650803456014065,0
599,Azraq,31.828517,37.346341,709,288,997,0.8169,6.905753276311464,0
600,Azraq,31.771115,36.375561,2442,1156,3598,0.7585,8.188411308079031,0
601,Azraq,31.773123,37.095685,876,1344,2220,0.8455,7.7057128238944275,0
602,Azraq,31.604526,36.875031,117,292,409,0.8706,6.016157159698354,0
603,Azraq,32.146006,37.075301,136,139,275,0.8813,5.62040086571715,0
604,Azraq,31.852417,36.935527,56,419,475,0.9399,6.16541785423142,0
605,Azraq,31.573845,36.728957,391,568,959,0.6973,6.866933284461882,0
606,Azraq,31.916231,37.171262,123,312,435,0.7184,6.077642243349034,0
607,Azraq,31.362339,36.711378,1023,100,1123,0.8996,7.024649030453636,0
608,Azraq,31.947926,36.946692,277,2216,2493,0.7564,7.821643126239982,0
609,Azraq,31.584594,36.971082,3900,974,4874,0.6899,8.491875383431948,0
