model,radius_m,radius_km,alpha,p_facilities,status,selected_sites,covered_nodes,n_covered_zones,covered_refugee,covered_host,covered_total,total_pop,coverage_ratio,refugee_ratio,host_ratio,objective_value
Network,2000,2.0,0.3,3,Optimal,[],[],0,0,0,0,3517408,0.0,0.0,0.0,0.0
Network,2000,2.0,0.5,3,Optimal,[],[],0,0,0,0,3517408,0.0,0.0,0.0,0.0
Network,2000,2.0,0.7,3,Optimal,[],[],0,0,0,0,3517408,0.0,0.0,0.0,0.0
Network,5000,5.0,0.3,3,Optimal,[31],[4],1,241046,1251737,1492783,3517408,42.44,31.2,45.61,948529.7
Network,5000,5.0,0.5,3,Optimal,[31],[4],1,241046,1251737,1492783,3517408,42.44,31.2,45.61,746391.5
Network,5000,5.0,0.7,3,Optimal,[31],[4],1,241046,1251737,1492783,3517408,42.44,31.2,45.61,544253.3
Network,10000,10.0,0.3,3,Optimal,"[28, 29, 61]","[1, 2, 4]",3,633333,2549328,3182661,3517408,90.48,81.96,92.88,1974529.5
Network,10000,10.0,0.5,3,Optimal,"[28, 29, 61]","[1, 2, 4]",3,633333,2549328,3182661,3517408,90.48,81.96,92.88,1591330.5
Network,10000,10.0,0.7,3,Optimal,"[28, 29, 61]","[1, 2, 4]",3,633333,2549328,3182661,3517408,90.48,81.96,92.88,1208131.5
Euclidean,2000,2.0,0.3,3,Optimal,[73],[4],1,241046,1251737,1492783,3517408,42.44,31.2,45.61,948529.7
Euclidean,2000,2.0,0.5,3,Optimal,[73],[4],1,241046,1251737,1492783,3517408,42.44,31.2,45.61,746391.5
Euclidean,2000,2.0,0.7,3,Optimal,[73],[4],1,241046,1251737,1492783,3517408,42.44,31.2,45.61,544253.3
Euclidean,5000,5.0,0.3,3,Optimal,"[31, 65, 73]",[4],1,241046,1251737,1492783,3517408,42.44,31.2,45.61,948529.7
Euclidean,5000,5.0,0.5,3,Optimal,"[31, 65, 73]",[4],1,241046,1251737,1492783,3517408,42.44,31.2,45.61,746391.5
Euclidean,5000,5.0,0.7,3,Optimal,"[31, 65, 73]",[4],1,241046,1251737,1492783,3517408,42.44,31.2,45.61,544253.3
Euclidean,10000,10.0,0.3,3,Optimal,"[28, 29, 42]","[1, 2, 4]",3,633333,2549328,3182661,3517408,90.48,81.96,92.88,1974529.5
Euclidean,10000,10.0,0.5,3,Optimal,"[28, 29, 42]","[1, 2, 4]",3,633333,2549328,3182661,3517408,90.48,81.96,92.88,1591330.5
Euclidean,10000,10.0,0.7,3,Optimal,"[28, 29, 42]","[1, 2, 4]",3,633333,2549328,3182661,3517408,90.48,81.96,92.88,1208131.5
